components,batch,candidate_type,method,backend,budget,threads,rmse,p99_abs,max_abs,ns_per_eval,evaluations_per_second,dag_nodes,live_slots,registers,spill_store_bytes,spill_load_bytes,stack_frame_bytes,pareto,pareto_exact_cpu,pareto_exact_cpu_omp,pareto_cpwa_cpu,pareto_cpwa_cpu_omp,pareto_exact_gpu,pareto_cpwa_gpu
1,100,exact,CPU OpenMP 4,openmp,,4,0.0,0.0,0.0,134.91197893997892,7412240.246248932,,,,,,,True,False,True,False,False,False,False
1,100,exact,CPU OpenMP 8,openmp,,8,0.0,0.0,0.0,155.22027769513042,6442457.228198684,,,,,,,False,False,False,False,False,False,False
1,100,exact,GPU generic resident,cuda_generic_resident,,0,0.0,0.0,0.0,207.34904289405685,4822785.704928193,,,,,,,False,False,False,False,False,True,False
1,100,exact,GPU fixed-composition resident,cuda_fixed_resident,,0,0.0,0.0,0.0,208.5138931059582,4795843.505218336,,,,,,,False,False,False,False,False,False,False
1,100,exact,CPU OpenMP 2,openmp,,2,0.0,0.0,0.0,208.80736973478935,4789102.996077778,,,,,,,False,False,False,False,False,False,False
1,100,exact,CPU scalar,scalar,,1,0.0,0.0,0.0,291.7492071126658,3427601.4317112663,,,,,,,False,True,False,False,False,False,False
1,100,exact,CPU OpenMP 1,openmp,,1,0.0,0.0,0.0,349.89791688402016,2857976.431827308,,,,,,,False,False,False,False,False,False,False
1,100,surrogate,CPWA AVX2+OMP4 B128,avx2-omp4,128,4,0.0002582874077028154,0.0007570681322109597,0.0010272705488628686,104.35508,9582667.178253325,2031,444,,,,,True,False,False,False,True,False,False
1,100,surrogate,CPWA AVX2 B128,avx2,128,0,0.0002582874077028154,0.0007570681322109597,0.0010272705488628686,182.781265,5471020.238316,2031,444,,,,,False,False,False,True,False,False,False
1,100,surrogate,CPWA CUDA B128,cpwa-cuda,128,0,0.0002582874077028154,0.0007570681322109597,0.0010272705488628686,223.040003,4483500.657054779,2031,444,255,676,676,680,False,False,False,False,False,False,True
1,100,surrogate,CPWA AVX2+OMP4 B96,avx2-omp4,96,4,0.00034104209185099004,0.0009612977226246969,0.001474863704864382,74.13529779630733,13488851.191339113,1345,297,,,,,True,False,False,False,True,False,False
1,100,surrogate,CPWA CUDA B96,cpwa-cuda,96,0,0.00034104209185099004,0.0009612977226246969,0.001474863704864382,118.079996,8468834.975231538,1345,297,255,8,8,8,False,False,False,False,False,False,True
1,100,surrogate,CPWA AVX2 B96,avx2,96,0,0.00034104209185099004,0.0009612977226246969,0.001474863704864382,122.46142926829268,8165836.426824367,1345,297,,,,,False,False,False,True,False,False,False
1,100,surrogate,CPWA AVX2+OMP4 B64,avx2-omp4,64,4,0.000539661254588657,0.001540795951388282,0.002152390914877955,54.01702787184163,18512680.89707851,794,164,,,,,True,False,False,False,True,False,False
1,100,surrogate,CPWA AVX2 B64,avx2,64,0,0.000539661254588657,0.001540795951388282,0.002152390914877955,68.71114503816794,14553679.747943597,794,164,,,,,False,False,False,True,False,False,False
1,100,surrogate,CPWA CUDA B64,cpwa-cuda,64,0,0.000539661254588657,0.001540795951388282,0.002152390914877955,89.28,11200716.845878135,794,164,167,0,0,0,False,False,False,False,False,False,True
1,100,surrogate,CPWA AVX2 B48,avx2,48,0,0.0007703086845547998,0.0020563112070939808,0.002773954971125203,46.16188075082812,21662895.526241325,527,120,,,,,True,False,False,True,False,False,False
1,100,surrogate,CPWA AVX2+OMP4 B48,avx2-omp4,48,4,0.0007703086845547998,0.0020563112070939808,0.002773954971125203,47.419440529575056,21088397.265596364,527,120,,,,,False,False,False,False,True,False,False
1,100,surrogate,CPWA CUDA B48,cpwa-cuda,48,0,0.0007703086845547998,0.0020563112070939808,0.002773954971125203,63.9999984,15625000.39062501,527,120,125,0,0,0,False,False,False,False,False,False,True
1,100,surrogate,CPWA AVX2 B32,avx2,32,0,0.0012877636231141984,0.003569945842691297,0.006192332666692835,22.5707365,44305155.926125854,254,52,,,,,True,False,False,True,False,False,False
1,100,surrogate,CPWA AVX2+OMP4 B32,avx2-omp4,32,4,0.0012877636231141984,0.003569945842691297,0.006192332666692835,33.787087293463955,29597105.879956927,254,52,,,,,False,False,False,False,True,False,False
1,100,surrogate,CPWA CUDA B32,cpwa-cuda,32,0,0.0012877636231141984,0.003569945842691297,0.006192332666692835,55.6800002,17959770.05043186,254,52,48,0,0,0,False,False,False,False,False,False,True
1,100,surrogate,CPWA AVX2 B24,avx2,24,0,0.0021142784556413435,0.00654996588890694,0.01665701079230575,13.491884,74118633.09823892,152,35,,,,,True,False,False,True,False,False,False
1,100,surrogate,CPWA AVX2+OMP4 B24,avx2-omp4,24,4,0.0021142784556413435,0.00654996588890694,0.01665701079230575,31.69757847533632,31548151.250042442,152,35,,,,,False,False,False,False,True,False,False
1,100,surrogate,CPWA CUDA B24,cpwa-cuda,24,0,0.0021142784556413435,0.00654996588890694,0.01665701079230575,52.8000016,18939393.365472928,152,35,31,0,0,0,False,False,False,False,False,False,True
1,100,surrogate,CPWA AVX2 B16,avx2,16,0,0.005035772712008456,0.024678766431902692,0.04334175307754584,6.27576595299715,159343099.7091956,72,17,,,,,True,False,False,True,False,False,False
1,100,surrogate,CPWA AVX2+OMP4 B16,avx2-omp4,16,4,0.005035772712008456,0.024678766431902692,0.04334175307754584,29.66173561859732,33713468.8562533,72,17,,,,,False,False,False,False,True,False,False
1,100,surrogate,CPWA CUDA B16,cpwa-cuda,16,0,0.005035772712008456,0.024678766431902692,0.04334175307754584,49.2799981,20292208.574577846,72,17,26,0,0,0,False,False,False,False,False,False,True
1,1000,exact,GPU fixed-composition resident,cuda_fixed_resident,,0,0.0,0.0,0.0,20.881733096457314,47888745.41115818,,,,,,,True,False,False,False,False,True,False
1,1000,exact,GPU generic resident,cuda_generic_resident,,0,0.0,0.0,0.0,20.980425688459114,47663475.22443641,,,,,,,False,False,False,False,False,False,False
1,1000,exact,CPU OpenMP 4,openmp,,4,0.0,0.0,0.0,104.55490312815338,9564352.986624604,,,,,,,False,False,True,False,False,False,False
1,1000,exact,CPU OpenMP 8,openmp,,8,0.0,0.0,0.0,105.95227129337539,9438212.015588233,,,,,,,False,False,False,False,False,False,False
1,1000,exact,CPU OpenMP 2,openmp,,2,0.0,0.0,0.0,179.24067080745343,5579090.925598213,,,,,,,False,False,False,False,False,False,False
1,1000,exact,CPU scalar,scalar,,1,0.0,0.0,0.0,289.65723953823954,3452356.3146364363,,,,,,,False,True,False,False,False,False,False
1,1000,exact,CPU OpenMP 1,openmp,,1,0.0,0.0,0.0,338.68037166666664,2952636.419639377,,,,,,,False,False,False,False,False,False,False
1,1000,surrogate,CPWA CUDA B128,cpwa-cuda,128,0,0.0002582874077028154,0.0007570681322109597,0.0010272705488628686,22.752,43952180.0281294,2031,444,255,676,676,680,False,False,False,False,False,False,True
1,1000,surrogate,CPWA AVX2+OMP4 B128,avx2-omp4,128,4,0.0002582874077028154,0.0007570681322109597,0.0010272705488628686,47.18292607003891,21194107.34543228,2031,444,,,,,False,False,False,False,True,False,False
1,1000,surrogate,CPWA AVX2 B128,avx2,128,0,0.0002582874077028154,0.0007570681322109597,0.0010272705488628686,159.0536,6287188.72128641,2031,444,,,,,False,False,False,True,False,False,False
1,1000,surrogate,CPWA CUDA B96,cpwa-cuda,96,0,0.00034104209185099004,0.0009612977226246969,0.001474863704864382,11.7119998,85382515.11923695,1345,297,255,8,8,8,True,False,False,False,False,False,True
1,1000,surrogate,CPWA AVX2+OMP4 B96,avx2-omp4,96,4,0.00034104209185099004,0.0009612977226246969,0.001474863704864382,44.1899962264151,22629556.13022293,1345,297,,,,,False,False,False,False,True,False,False
1,1000,surrogate,CPWA AVX2 B96,avx2,96,0,0.00034104209185099004,0.0009612977226246969,0.001474863704864382,106.88408085106383,9355930.200620206,1345,297,,,,,False,False,False,True,False,False,False
1,1000,surrogate,CPWA CUDA B64,cpwa-cuda,64,0,0.000539661254588657,0.001540795951388282,0.002152390914877955,8.96000024,111607139.8676659,794,164,167,0,0,0,True,False,False,False,False,False,True
1,1000,surrogate,CPWA AVX2+OMP4 B64,avx2-omp4,64,4,0.000539661254588657,0.001540795951388282,0.002152390914877955,19.5269965,51211152.72387128,794,164,,,,,False,False,False,False,True,False,False
1,1000,surrogate,CPWA AVX2 B64,avx2,64,0,0.000539661254588657,0.001540795951388282,0.002152390914877955,61.269681818181816,16321285.998636432,794,164,,,,,False,False,False,True,False,False,False
1,1000,surrogate,CPWA CUDA B48,cpwa-cuda,48,0,0.0007703086845547998,0.0020563112070939808,0.002773954971125203,7.77600007,128600821.88759547,527,120,125,0,0,0,True,False,False,False,False,False,True
1,1000,surrogate,CPWA AVX2+OMP4 B48,avx2-omp4,48,4,0.0007703086845547998,0.0020563112070939808,0.002773954971125203,14.2892725,69982569.09160352,527,120,,,,,False,False,False,False,True,False,False
1,1000,surrogate,CPWA AVX2 B48,avx2,48,0,0.0007703086845547998,0.0020563112070939808,0.002773954971125203,41.437952459016394,24132466.51096083,527,120,,,,,False,False,False,True,False,False,False
1,1000,surrogate,CPWA CUDA B32,cpwa-cuda,32,0,0.0012877636231141984,0.003569945842691297,0.006192332666692835,6.11199997,163612566.2480983,254,52,48,0,0,0,True,False,False,False,False,False,True
1,1000,surrogate,CPWA AVX2+OMP4 B32,avx2-omp4,32,4,0.0012877636231141984,0.003569945842691297,0.006192332666692835,7.903345420497106,126528697.25351088,254,52,,,,,False,False,False,False,True,False,False
1,1000,surrogate,CPWA AVX2 B32,avx2,32,0,0.0012877636231141984,0.003569945842691297,0.006192332666692835,20.173884,49569036.879561715,254,52,,,,,False,False,False,True,False,False,False
1,1000,surrogate,CPWA CUDA B24,cpwa-cuda,24,0,0.0021142784556413435,0.00654996588890694,0.01665701079230575,5.5999998,178571434.94897982,152,35,31,0,0,0,True,False,False,False,False,False,True
1,1000,surrogate,CPWA AVX2+OMP4 B24,avx2-omp4,24,4,0.0021142784556413435,0.00654996588890694,0.01665701079230575,5.842160061443932,171169565.62002218,152,35,,,,,False,False,False,False,True,False,False
1,1000,surrogate,CPWA AVX2 B24,avx2,24,0,0.0021142784556413435,0.00654996588890694,0.01665701079230575,12.253256534365924,81610957.64177988,152,35,,,,,False,False,False,True,False,False,False
1,1000,surrogate,CPWA AVX2+OMP4 B16,avx2-omp4,16,4,0.005035772712008456,0.024678766431902692,0.04334175307754584,4.159212933247754,240430104.45708108,72,17,,,,,True,False,False,False,True,False,False
1,1000,surrogate,CPWA CUDA B16,cpwa-cuda,16,0,0.005035772712008456,0.024678766431902692,0.04334175307754584,5.11999987,195312504.95910656,72,17,26,0,0,0,False,False,False,False,False,False,True
1,1000,surrogate,CPWA AVX2 B16,avx2,16,0,0.005035772712008456,0.024678766431902692,0.04334175307754584,5.6692099177229265,176391422.1757476,72,17,,,,,False,False,False,True,False,False,False
1,10000,exact,GPU generic resident,cuda_generic_resident,,0,0.0,0.0,0.0,10.66219420751114,93789325.21183448,,,,,,,True,False,False,False,False,True,False
1,10000,exact,GPU fixed-composition resident,cuda_fixed_resident,,0,0.0,0.0,0.0,10.676328714965628,93665156.50630373,,,,,,,False,False,False,False,False,False,False
1,10000,exact,CPU OpenMP 4,openmp,,4,0.0,0.0,0.0,97.79842878787879,10225113.147461329,,,,,,,False,False,True,False,False,False,False
1,10000,exact,CPU OpenMP 8,openmp,,8,0.0,0.0,0.0,101.37847756097561,9864026.606619092,,,,,,,False,False,False,False,False,False,False
1,10000,exact,CPU OpenMP 2,openmp,,2,0.0,0.0,0.0,180.7724974576271,5531814.927956057,,,,,,,False,False,False,False,False,False,False
1,10000,exact,CPU scalar,scalar,,1,0.0,0.0,0.0,289.07379014084506,3459324.3459144854,,,,,,,False,True,False,False,False,False,False
1,10000,exact,CPU OpenMP 1,openmp,,1,0.0,0.0,0.0,335.4592183333333,2980988.2851582193,,,,,,,False,False,False,False,False,False,False
1,10000,surrogate,CPWA CUDA B128,cpwa-cuda,128,0,0.0002582874077028154,0.0007570681322109597,0.0010272705488628686,9.98400003,100160256.1092941,2031,444,255,676,676,680,True,False,False,False,False,False,True
1,10000,surrogate,CPWA AVX2+OMP4 B128,avx2-omp4,128,4,0.0002582874077028154,0.0007570681322109597,0.0010272705488628686,43.3801779661017,23052003.1702365,2031,444,,,,,False,False,False,False,True,False,False
1,10000,surrogate,CPWA AVX2 B128,avx2,128,0,0.0002582874077028154,0.0007570681322109597,0.0010272705488628686,159.289715,6277869.227150039,2031,444,,,,,False,False,False,True,False,False,False
1,10000,surrogate,CPWA CUDA B96,cpwa-cuda,96,0,0.00034104209185099004,0.0009612977226246969,0.001474863704864382,4.0736001,245483104.73578393,1345,297,255,8,8,8,True,False,False,False,False,False,True
1,10000,surrogate,CPWA AVX2+OMP4 B96,avx2-omp4,96,4,0.00034104209185099004,0.0009612977226246969,0.001474863704864382,29.260625806451614,34175619.02519228,1345,297,,,,,False,False,False,False,True,False,False
1,10000,surrogate,CPWA AVX2 B96,avx2,96,0,0.00034104209185099004,0.0009612977226246969,0.001474863704864382,106.61164166666667,9379838.677717889,1345,297,,,,,False,False,False,True,False,False,False
1,10000,surrogate,CPWA CUDA B64,cpwa-cuda,64,0,0.000539661254588657,0.001540795951388282,0.002152390914877955,2.7392,365070093.4579439,794,164,167,0,0,0,True,False,False,False,False,False,True
1,10000,surrogate,CPWA AVX2+OMP4 B64,avx2-omp4,64,4,0.000539661254588657,0.001540795951388282,0.002152390914877955,24.6812925,40516516.70997375,794,164,,,,,False,False,False,False,True,False,False
1,10000,surrogate,CPWA AVX2 B64,avx2,64,0,0.000539661254588657,0.001540795951388282,0.002152390914877955,61.21786904761905,16335099.792874824,794,164,,,,,False,False,False,True,False,False,False
1,10000,surrogate,CPWA CUDA B48,cpwa-cuda,48,0,0.0007703086845547998,0.0020563112070939808,0.002773954971125203,1.74720008,572344296.1380817,527,120,125,0,0,0,True,False,False,False,False,False,True
1,10000,surrogate,CPWA AVX2+OMP4 B48,avx2-omp4,48,4,0.0007703086845547998,0.0020563112070939808,0.002773954971125203,11.6085225,86143606.99219044,527,120,,,,,False,False,False,False,True,False,False
1,10000,surrogate,CPWA AVX2 B48,avx2,48,0,0.0007703086845547998,0.0020563112070939808,0.002773954971125203,41.456508,24121665.047138076,527,120,,,,,False,False,False,True,False,False,False
1,10000,surrogate,CPWA CUDA B32,cpwa-cuda,32,0,0.0012877636231141984,0.003569945842691297,0.006192332666692835,1.0272,973520249.2211839,254,52,48,0,0,0,True,False,False,False,False,False,True
1,10000,surrogate,CPWA AVX2+OMP4 B32,avx2-omp4,32,4,0.0012877636231141984,0.003569945842691297,0.006192332666692835,5.50449774590164,181669617.4949926,254,52,,,,,False,False,False,False,True,False,False
1,10000,surrogate,CPWA AVX2 B32,avx2,32,0,0.0012877636231141984,0.003569945842691297,0.006192332666692835,20.1756385,49564726.291066326,254,52,,,,,False,False,False,True,False,False,False
1,10000,surrogate,CPWA CUDA B24,cpwa-cuda,24,0,0.0021142784556413435,0.00654996588890694,0.01665701079230575,0.940799993,1062925177.9766967,152,35,31,0,0,0,True,False,False,False,False,False,True
1,10000,surrogate,CPWA AVX2+OMP4 B24,avx2-omp4,24,4,0.0021142784556413435,0.00654996588890694,0.01665701079230575,3.4662410533910535,288496958.11596584,152,35,,,,,False,False,False,False,True,False,False
1,10000,surrogate,CPWA AVX2 B24,avx2,24,0,0.0021142784556413435,0.00654996588890694,0.01665701079230575,12.39953780487805,80648167.35399559,152,35,,,,,False,False,False,True,False,False,False
1,10000,surrogate,CPWA CUDA B16,cpwa-cuda,16,0,0.005035772712008456,0.024678766431902692,0.04334175307754584,0.668800017,1495215272.9984155,72,17,26,0,0,0,True,False,False,False,False,False,True
1,10000,surrogate,CPWA AVX2+OMP4 B16,avx2-omp4,16,4,0.005035772712008456,0.024678766431902692,0.04334175307754584,2.1773302,459278064.48466104,72,17,,,,,False,False,False,False,True,False,False
1,10000,surrogate,CPWA AVX2 B16,avx2,16,0,0.005035772712008456,0.024678766431902692,0.04334175307754584,5.676589887640449,176162100.8023293,72,17,,,,,False,False,False,True,False,False,False
1,100000,exact,GPU fixed-composition resident,cuda_fixed_resident,,0,0.0,0.0,0.0,8.580488461538462,116543481.70065627,,,,,,,True,False,False,False,False,True,False
1,100000,exact,GPU generic resident,cuda_generic_resident,,0,0.0,0.0,0.0,8.626426437768242,115922857.18936843,,,,,,,False,False,False,False,False,False,False
1,100000,exact,CPU OpenMP 8,openmp,,8,0.0,0.0,0.0,106.10324949999999,9424782.037424782,,,,,,,False,False,True,False,False,False,False
1,100000,exact,CPU OpenMP 4,openmp,,4,0.0,0.0,0.0,113.50506611111112,8810179.441868182,,,,,,,False,False,False,False,False,False,False
1,100000,exact,CPU OpenMP 2,openmp,,2,0.0,0.0,0.0,190.1862481818182,5258003.717724108,,,,,,,False,False,False,False,False,False,False
1,100000,exact,CPU scalar,scalar,,1,0.0,0.0,0.0,306.47391857142856,3262920.3968197843,,,,,,,False,True,False,False,False,False,False
1,100000,exact,CPU OpenMP 1,openmp,,1,0.0,0.0,0.0,355.429955,2813493.8711060523,,,,,,,False,False,False,False,False,False,False
1,100000,surrogate,CPWA CUDA B128,cpwa-cuda,128,0,0.0002582874077028154,0.0007570681322109597,0.0010272705488628686,9.3513602,106936314.9972557,2031,444,255,676,676,680,False,False,False,False,False,False,True
1,100000,surrogate,CPWA AVX2+OMP4 B128,avx2-omp4,128,4,0.0002582874077028154,0.0007570681322109597,0.0010272705488628686,42.620444285714285,23462918.24872376,2031,444,,,,,False,False,False,False,True,False,False
1,100000,surrogate,CPWA AVX2 B128,avx2,128,0,0.0002582874077028154,0.0007570681322109597,0.0010272705488628686,157.70695500000002,6340874.440191936,2031,444,,,,,False,False,False,True,False,False,False
1,100000,surrogate,CPWA CUDA B96,cpwa-cuda,96,0,0.00034104209185099004,0.0009612977226246969,0.001474863704864382,3.29984009,303044987.85576,1345,297,255,8,8,8,True,False,False,False,False,False,True
1,100000,surrogate,CPWA AVX2+OMP4 B96,avx2-omp4,96,4,0.00034104209185099004,0.0009612977226246969,0.001474863704864382,28.732767,34803470.19832792,1345,297,,,,,False,False,False,False,True,False,False
1,100000,surrogate,CPWA AVX2 B96,avx2,96,0,0.00034104209185099004,0.0009612977226246969,0.001474863704864382,107.32847666666667,9317191.774795523,1345,297,,,,,False,False,False,True,False,False,False
1,100000,surrogate,CPWA CUDA B64,cpwa-cuda,64,0,0.000539661254588657,0.001540795951388282,0.002152390914877955,2.11648002,472482608.1750585,794,164,167,0,0,0,True,False,False,False,False,False,True
1,100000,surrogate,CPWA AVX2+OMP4 B64,avx2-omp4,64,4,0.000539661254588657,0.001540795951388282,0.002152390914877955,16.753207999999997,59690060.55437264,794,164,,,,,False,False,False,False,True,False,False
1,100000,surrogate,CPWA AVX2 B64,avx2,64,0,0.000539661254588657,0.001540795951388282,0.002152390914877955,61.157005,16351356.643445833,794,164,,,,,False,False,False,True,False,False,False
1,100000,surrogate,CPWA CUDA B48,cpwa-cuda,48,0,0.0007703086845547998,0.0020563112070939808,0.002773954971125203,1.30175993,768190798.4370052,527,120,125,0,0,0,True,False,False,False,False,False,True
1,100000,surrogate,CPWA AVX2+OMP4 B48,avx2-omp4,48,4,0.0007703086845547998,0.0020563112070939808,0.002773954971125203,11.361981304347825,88012818.64610495,527,120,,,,,False,False,False,False,True,False,False
1,100000,surrogate,CPWA AVX2 B48,avx2,48,0,0.0007703086845547998,0.0020563112070939808,0.002773954971125203,41.28064142857143,24224429.790663898,527,120,,,,,False,False,False,True,False,False,False
1,100000,surrogate,CPWA CUDA B32,cpwa-cuda,32,0,0.0012877636231141984,0.003569945842691297,0.006192332666692835,0.595199987,1680107563.5776181,254,52,48,0,0,0,True,False,False,False,False,False,True
1,100000,surrogate,CPWA AVX2+OMP4 B32,avx2-omp4,32,4,0.0012877636231141984,0.003569945842691297,0.006192332666692835,5.2451918,190650797.55520093,254,52,,,,,False,False,False,False,True,False,False
1,100000,surrogate,CPWA AVX2 B32,avx2,32,0,0.0012877636231141984,0.003569945842691297,0.006192332666692835,20.311832,49232388.294664904,254,52,,,,,False,False,False,True,False,False,False
1,100000,surrogate,CPWA CUDA B24,cpwa-cuda,24,0,0.0021142784556413435,0.00654996588890694,0.01665701079230575,0.388480015,2574134991.216987,152,35,31,0,0,0,True,False,False,False,False,False,True
1,100000,surrogate,CPWA AVX2+OMP4 B24,avx2-omp4,24,4,0.0021142784556413435,0.00654996588890694,0.01665701079230575,3.3365726190476193,299708747.32090706,152,35,,,,,False,False,False,False,True,False,False
1,100000,surrogate,CPWA AVX2 B24,avx2,24,0,0.0021142784556413435,0.00654996588890694,0.01665701079230575,12.396435714285714,80668348.79380652,152,35,,,,,False,False,False,True,False,False,False
1,100000,surrogate,CPWA CUDA B16,cpwa-cuda,16,0,0.005035772712008456,0.024678766431902692,0.04334175307754584,0.224319994,4457917380.293796,72,17,26,0,0,0,True,False,False,False,False,False,True
1,100000,surrogate,CPWA AVX2+OMP4 B16,avx2-omp4,16,4,0.005035772712008456,0.024678766431902692,0.04334175307754584,1.61728025,618322025.5116576,72,17,,,,,False,False,False,False,True,False,False
1,100000,surrogate,CPWA AVX2 B16,avx2,16,0,0.005035772712008456,0.024678766431902692,0.04334175307754584,5.924771219512195,168782888.47790027,72,17,,,,,False,False,False,True,False,False,False
1,1000000,exact,GPU fixed-composition resident,cuda_fixed_resident,,0,0.0,0.0,0.0,8.348875833333333,119776604.6546586,,,,,,,True,False,False,False,False,True,False
1,1000000,exact,GPU generic resident,cuda_generic_resident,,0,0.0,0.0,0.0,8.354414458333332,119697197.8092999,,,,,,,False,False,False,False,False,False,False
1,1000000,exact,CPU OpenMP 8,openmp,,8,0.0,0.0,0.0,102.43605,9762188.214012546,,,,,,,False,False,True,False,False,False,False
1,1000000,exact,CPU OpenMP 4,openmp,,4,0.0,0.0,0.0,109.2613985,9152363.174264148,,,,,,,False,False,False,False,False,False,False
1,1000000,exact,CPU OpenMP 2,openmp,,2,0.0,0.0,0.0,194.430914,5143215.034210043,,,,,,,False,False,False,False,False,False,False
1,1000000,exact,CPU scalar,scalar,,1,0.0,0.0,0.0,312.320275,3201841.4430507277,,,,,,,False,True,False,False,False,False,False
1,1000000,exact,CPU OpenMP 1,openmp,,1,0.0,0.0,0.0,344.649192,2901501.071849314,,,,,,,False,False,False,False,False,False,False
1,1000000,surrogate,CPWA CUDA B128,cpwa-cuda,128,0,0.0002582874077028154,0.0007570681322109597,0.0010272705488628686,9.25743961,108021228.56084177,2031,444,255,676,676,680,False,False,False,False,False,False,True
1,1000000,surrogate,CPWA AVX2+OMP4 B128,avx2-omp4,128,4,0.0002582874077028154,0.0007570681322109597,0.0010272705488628686,42.390023,23590456.650613282,2031,444,,,,,False,False,False,False,True,False,False
1,1000000,surrogate,CPWA AVX2 B128,avx2,128,0,0.0002582874077028154,0.0007570681322109597,0.0010272705488628686,157.596506,6345318.341004336,2031,444,,,,,False,False,False,True,False,False,False
1,1000000,surrogate,CPWA CUDA B96,cpwa-cuda,96,0,0.00034104209185099004,0.0009612977226246969,0.001474863704864382,3.31689596,301486694.807274,1345,297,255,8,8,8,True,False,False,False,False,False,True
1,1000000,surrogate,CPWA AVX2+OMP4 B96,avx2-omp4,96,4,0.00034104209185099004,0.0009612977226246969,0.001474863704864382,28.225429,35429045.2060091,1345,297,,,,,False,False,False,False,True,False,False
1,1000000,surrogate,CPWA AVX2 B96,avx2,96,0,0.00034104209185099004,0.0009612977226246969,0.001474863704864382,106.989429,9346717.795830091,1345,297,,,,,False,False,False,True,False,False,False
1,1000000,surrogate,CPWA CUDA B64,cpwa-cuda,64,0,0.000539661254588657,0.001540795951388282,0.002152390914877955,2.14374399,466473610.96508545,794,164,167,0,0,0,True,False,False,False,False,False,True
1,1000000,surrogate,CPWA AVX2+OMP4 B64,avx2-omp4,64,4,0.000539661254588657,0.001540795951388282,0.002152390914877955,16.2827355,61414742.01309724,794,164,,,,,False,False,False,False,True,False,False
1,1000000,surrogate,CPWA AVX2 B64,avx2,64,0,0.000539661254588657,0.001540795951388282,0.002152390914877955,61.387194,16290042.512775548,794,164,,,,,False,False,False,True,False,False,False
1,1000000,surrogate,CPWA CUDA B48,cpwa-cuda,48,0,0.0007703086845547998,0.0020563112070939808,0.002773954971125203,1.23913598,807013932.401511,527,120,125,0,0,0,True,False,False,False,False,False,True
1,1000000,surrogate,CPWA AVX2+OMP4 B48,avx2-omp4,48,4,0.0007703086845547998,0.0020563112070939808,0.002773954971125203,11.152448666666666,89666406.89312297,527,120,,,,,False,False,False,False,True,False,False
1,1000000,surrogate,CPWA AVX2 B48,avx2,48,0,0.0007703086845547998,0.0020563112070939808,0.002773954971125203,41.456076,24121916.41099847,527,120,,,,,False,False,False,True,False,False,False
1,1000000,surrogate,CPWA CUDA B32,cpwa-cuda,32,0,0.0012877636231141984,0.003569945842691297,0.006192332666692835,0.550400019,1816860402.397624,254,52,48,0,0,0,True,False,False,False,False,False,True
1,1000000,surrogate,CPWA AVX2+OMP4 B32,avx2-omp4,32,4,0.0012877636231141984,0.003569945842691297,0.006192332666692835,5.3089012,188362895.13167056,254,52,,,,,False,False,False,False,True,False,False
1,1000000,surrogate,CPWA AVX2 B32,avx2,32,0,0.0012877636231141984,0.003569945842691297,0.006192332666692835,20.4414735,48920152.453784704,254,52,,,,,False,False,False,True,False,False,False
1,1000000,surrogate,CPWA CUDA B24,cpwa-cuda,24,0,0.0021142784556413435,0.00654996588890694,0.01665701079230575,0.343456,2911581105.003261,152,35,31,0,0,0,True,False,False,False,False,False,True
1,1000000,surrogate,CPWA AVX2+OMP4 B24,avx2-omp4,24,4,0.0021142784556413435,0.00654996588890694,0.01665701079230575,3.2838745714285715,304518329.87183,152,35,,,,,False,False,False,False,True,False,False
1,1000000,surrogate,CPWA AVX2 B24,avx2,24,0,0.0021142784556413435,0.00654996588890694,0.01665701079230575,12.568624666666667,79563200.15284622,152,35,,,,,False,False,False,True,False,False,False
1,1000000,surrogate,CPWA CUDA B16,cpwa-cuda,16,0,0.005035772712008456,0.024678766431902692,0.04334175307754584,0.184095994,5431948725.619743,72,17,26,0,0,0,True,False,False,False,False,False,True
1,1000000,surrogate,CPWA AVX2+OMP4 B16,avx2-omp4,16,4,0.005035772712008456,0.024678766431902692,0.04334175307754584,1.6572008499999997,603427158.5125003,72,17,,,,,False,False,False,False,True,False,False
1,1000000,surrogate,CPWA AVX2 B16,avx2,16,0,0.005035772712008456,0.024678766431902692,0.04334175307754584,6.1266716,163220760.8450892,72,17,,,,,False,False,False,True,False,False,False
2,100,exact,CPU OpenMP 4,openmp,,4,0.0,0.0,0.0,160.260567358956,6239838.1366027035,,,,,,,True,False,True,False,False,False,False
2,100,exact,CPU OpenMP 8,openmp,,8,0.0,0.0,0.0,178.46958532973255,5603195.626596229,,,,,,,False,False,False,False,False,False,False
2,100,exact,CPU OpenMP 2,openmp,,2,0.0,0.0,0.0,256.5634475991103,3897671.353257368,,,,,,,False,False,False,False,False,False,False
2,100,exact,GPU fixed-composition resident,cuda_fixed_resident,,0,0.0,0.0,0.0,274.9067257863378,3637597.4328733487,,,,,,,False,False,False,False,False,True,False
2,100,exact,GPU generic resident,cuda_generic_resident,,0,0.0,0.0,0.0,275.99532355843786,3623249.796796883,,,,,,,False,False,False,False,False,False,False
2,100,exact,CPU scalar,scalar,,1,0.0,0.0,0.0,342.34440102389084,2921035.065884469,,,,,,,False,True,False,False,False,False,False
2,100,exact,CPU OpenMP 1,openmp,,1,0.0,0.0,0.0,407.5130469852793,2453909.162903742,,,,,,,False,False,False,False,False,False,False
2,100,surrogate,CPWA AVX2+OMP4 B128,avx2-omp4,128,4,0.0003133773291002309,0.0009112645405843172,0.001249187176580624,98.515515,10150685.402192742,1999,382,,,,,True,False,False,False,True,False,False
2,100,surrogate,CPWA AVX2 B128,avx2,128,0,0.0003133773291002309,0.0009112645405843172,0.001249187176580624,184.008865,5434520.777028868,1999,382,,,,,False,False,False,True,False,False,False
2,100,surrogate,CPWA CUDA B128,cpwa-cuda,128,0,0.0003133773291002309,0.0009112645405843172,0.001249187176580624,236.159991,4234417.50554606,1999,382,255,564,564,568,False,False,False,False,False,False,True
2,100,surrogate,CPWA AVX2+OMP4 B96,avx2-omp4,96,4,0.00046562592472402674,0.0014374456737755777,0.0021070759680840156,70.1581484176064,14253511.852217682,1287,269,,,,,True,False,False,False,True,False,False
2,100,surrogate,CPWA CUDA B96,cpwa-cuda,96,0,0.00046562592472402674,0.0014374456737755777,0.0021070759680840156,112.960003,8852690.983019892,1287,269,255,0,0,0,False,False,False,False,False,False,True
2,100,surrogate,CPWA AVX2 B96,avx2,96,0,0.00046562592472402674,0.0014374456737755777,0.0021070759680840156,117.12552029864676,8537848.945731033,1287,269,,,,,False,False,False,True,False,False,False
2,100,surrogate,CPWA AVX2+OMP4 B64,avx2-omp4,64,4,0.0007187326587790541,0.001847299899487981,0.0027077352973755575,56.350777716492004,17745984.004535455,881,190,,,,,True,False,False,False,True,False,False
2,100,surrogate,CPWA AVX2 B64,avx2,64,0,0.0007187326587790541,0.001847299899487981,0.0027077352973755575,75.79949713941583,13192699.6581617,881,190,,,,,False,False,False,True,False,False,False
2,100,surrogate,CPWA CUDA B64,cpwa-cuda,64,0,0.0007187326587790541,0.001847299899487981,0.0027077352973755575,95.3599997,10486577.214198545,881,190,202,0,0,0,False,False,False,False,False,False,True
2,100,surrogate,CPWA AVX2 B48,avx2,48,0,0.001005929224902897,0.002794632838111624,0.004354302246139419,42.5614039870506,23495465.523276724,489,103,,,,,True,False,False,True,False,False,False
2,100,surrogate,CPWA AVX2+OMP4 B48,avx2-omp4,48,4,0.001005929224902897,0.002794632838111624,0.004354302246139419,44.44955913299663,22497410.98686536,489,103,,,,,False,False,False,False,True,False,False
2,100,surrogate,CPWA CUDA B48,cpwa-cuda,48,0,0.001005929224902897,0.002794632838111624,0.004354302246139419,65.2799988,15318627.732572813,489,103,95,0,0,0,False,False,False,False,False,False,True
2,100,surrogate,CPWA AVX2 B32,avx2,32,0,0.002115247256413587,0.006653867225672598,0.009364929798562738,19.8118635,50474807.68278057,228,48,,,,,True,False,False,True,False,False,False
2,100,surrogate,CPWA AVX2+OMP4 B32,avx2-omp4,32,4,0.002115247256413587,0.006653867225672598,0.009364929798562738,32.896450748620964,30398416.158676952,228,48,,,,,False,False,False,False,True,False,False
2,100,surrogate,CPWA CUDA B32,cpwa-cuda,32,0,0.002115247256413587,0.006653867225672598,0.009364929798562738,55.999998,17857143.494897984,228,48,48,0,0,0,False,False,False,False,False,False,True
2,100,surrogate,CPWA AVX2 B24,avx2,24,0,0.0026733982984239774,0.00831947416001643,0.02164582196696907,12.061088628280304,82911255.42807508,133,33,,,,,True,False,False,True,False,False,False
2,100,surrogate,CPWA AVX2+OMP4 B24,avx2-omp4,24,4,0.0026733982984239774,0.00831947416001643,0.02164582196696907,32.54293684210526,30728634.138089307,133,33,,,,,False,False,False,False,True,False,False
2,100,surrogate,CPWA CUDA B24,cpwa-cuda,24,0,0.0026733982984239774,0.00831947416001643,0.02164582196696907,50.8800009,19654087.702659614,133,33,31,0,0,0,False,False,False,False,False,False,True
2,100,surrogate,CPWA AVX2 B16,avx2,16,0,0.0064544384954823295,0.03154561472283422,0.055608752448372156,6.63309757832881,150759126.9676372,77,19,,,,,True,False,False,True,False,False,False
2,100,surrogate,CPWA AVX2+OMP4 B16,avx2-omp4,16,4,0.0064544384954823295,0.03154561472283422,0.055608752448372156,28.753377808988763,34778522.60152142,77,19,,,,,False,False,False,False,True,False,False
2,100,surrogate,CPWA CUDA B16,cpwa-cuda,16,0,0.0064544384954823295,0.03154561472283422,0.055608752448372156,47.0399996,21258503.58213013,77,19,22,0,0,0,False,False,False,False,False,False,True
2,1000,exact,GPU fixed-composition resident,cuda_fixed_resident,,0,0.0,0.0,0.0,27.667807756003313,36143087.62077551,,,,,,,True,False,False,False,False,True,False
2,1000,exact,GPU generic resident,cuda_generic_resident,,0,0.0,0.0,0.0,27.7603842585882,36022556.12476369,,,,,,,False,False,False,False,False,False,False
2,1000,exact,CPU OpenMP 4,openmp,,4,0.0,0.0,0.0,118.7188311076198,8423263.526689293,,,,,,,False,False,True,False,False,False,False
2,1000,exact,CPU OpenMP 8,openmp,,8,0.0,0.0,0.0,125.33214460154241,7978799.079671166,,,,,,,False,False,False,False,False,False,False
2,1000,exact,CPU OpenMP 2,openmp,,2,0.0,0.0,0.0,211.49255623721885,4728298.80063655,,,,,,,False,False,False,False,False,False,False
2,1000,exact,CPU scalar,scalar,,1,0.0,0.0,0.0,331.4037619047619,3017467.2558103846,,,,,,,False,True,False,False,False,False,False
2,1000,exact,CPU OpenMP 1,openmp,,1,0.0,0.0,0.0,384.1545812619503,2603118.76722905,,,,,,,False,False,False,False,False,False,False
2,1000,surrogate,CPWA CUDA B128,cpwa-cuda,128,0,0.0003133773291002309,0.0009112645405843172,0.001249187176580624,23.3600009,42808217.52879299,1999,382,255,564,564,568,True,False,False,False,False,False,True
2,1000,surrogate,CPWA AVX2+OMP4 B128,avx2-omp4,128,4,0.0003133773291002309,0.0009112645405843172,0.001249187176580624,46.504314150943394,21503381.315423913,1999,382,,,,,False,False,False,False,True,False,False
2,1000,surrogate,CPWA AVX2 B128,avx2,128,0,0.0003133773291002309,0.0009112645405843172,0.001249187176580624,159.03684,6287851.292819953,1999,382,,,,,False,False,False,True,False,False,False
2,1000,surrogate,CPWA CUDA B96,cpwa-cuda,96,0,0.00046562592472402674,0.0014374456737755777,0.0021070759680840156,11.2319998,89031340.61665492,1287,269,255,0,0,0,True,False,False,False,False,False,True
2,1000,surrogate,CPWA AVX2+OMP4 B96,avx2-omp4,96,4,0.00046562592472402674,0.0014374456737755777,0.0021070759680840156,29.816023913043477,33539012.542934496,1287,269,,,,,False,False,False,False,True,False,False
2,1000,surrogate,CPWA AVX2 B96,avx2,96,0,0.00046562592472402674,0.0014374456737755777,0.0021070759680840156,102.66859128630705,9740077.149898231,1287,269,,,,,False,False,False,True,False,False,False
2,1000,surrogate,CPWA CUDA B64,cpwa-cuda,64,0,0.0007187326587790541,0.001847299899487981,0.0027077352973755575,9.44000017,105932201.48215316,881,190,202,0,0,0,True,False,False,False,False,False,True
2,1000,surrogate,CPWA AVX2+OMP4 B64,avx2-omp4,64,4,0.0007187326587790541,0.001847299899487981,0.0027077352973755575,21.395513,46738771.81631494,881,190,,,,,False,False,False,False,True,False,False
2,1000,surrogate,CPWA AVX2 B64,avx2,64,0,0.0007187326587790541,0.001847299899487981,0.0027077352973755575,66.97265733333333,14931466.658443078,881,190,,,,,False,False,False,True,False,False,False
2,1000,surrogate,CPWA CUDA B48,cpwa-cuda,48,0,0.001005929224902897,0.002794632838111624,0.004354302246139419,7.42400018,134698272.59621644,489,103,95,0,0,0,True,False,False,False,False,False,True
2,1000,surrogate,CPWA AVX2+OMP4 B48,avx2-omp4,48,4,0.001005929224902897,0.002794632838111624,0.004354302246139419,13.4633475,74275732.68832287,489,103,,,,,False,False,False,False,True,False,False
2,1000,surrogate,CPWA AVX2 B48,avx2,48,0,0.001005929224902897,0.002794632838111624,0.004354302246139419,38.064624242424244,26271111.82370396,489,103,,,,,False,False,False,True,False,False,False
2,1000,surrogate,CPWA CUDA B32,cpwa-cuda,32,0,0.002115247256413587,0.006653867225672598,0.009364929798562738,5.91999991,168918921.48694307,228,48,48,0,0,0,True,False,False,False,False,False,True
2,1000,surrogate,CPWA AVX2+OMP4 B32,avx2-omp4,32,4,0.002115247256413587,0.006653867225672598,0.009364929798562738,7.34559537414966,136136003.8315154,228,48,,,,,False,False,False,False,True,False,False
2,1000,surrogate,CPWA AVX2 B32,avx2,32,0,0.002115247256413587,0.006653867225672598,0.009364929798562738,17.832312,56077977.99859042,228,48,,,,,False,False,False,True,False,False,False
2,1000,surrogate,CPWA CUDA B24,cpwa-cuda,24,0,0.0026733982984239774,0.00831947416001643,0.02164582196696907,5.34400018,187125742.200106,133,33,31,0,0,0,True,False,False,False,False,False,True
2,1000,surrogate,CPWA AVX2+OMP4 B24,avx2-omp4,24,4,0.0026733982984239774,0.00831947416001643,0.02164582196696907,5.671782535885168,176311414.21114707,133,33,,,,,False,False,False,False,True,False,False
2,1000,surrogate,CPWA AVX2 B24,avx2,24,0,0.0026733982984239774,0.00831947416001643,0.02164582196696907,10.776977739726027,92790393.0165696,133,33,,,,,False,False,False,True,False,False,False
2,1000,surrogate,CPWA AVX2+OMP4 B16,avx2-omp4,16,4,0.0064544384954823295,0.03154561472283422,0.055608752448372156,4.159038993501083,240440159.7490672,77,19,,,,,True,False,False,False,True,False,False
2,1000,surrogate,CPWA CUDA B16,cpwa-cuda,16,0,0.0064544384954823295,0.03154561472283422,0.055608752448372156,4.80000023,208333323.35069492,77,19,22,0,0,0,False,False,False,False,False,False,True
2,1000,surrogate,CPWA AVX2 B16,avx2,16,0,0.0064544384954823295,0.03154561472283422,0.055608752448372156,5.980963730569949,167197134.95147815,77,19,,,,,False,False,False,True,False,False,False
2,10000,exact,GPU fixed-composition resident,cuda_fixed_resident,,0,0.0,0.0,0.0,15.590730852713177,64140674.95918416,,,,,,,True,False,False,False,False,True,False
2,10000,exact,GPU generic resident,cuda_generic_resident,,0,0.0,0.0,0.0,15.820972417355373,63207239.96099094,,,,,,,False,False,False,False,False,False,False
2,10000,exact,CPU OpenMP 4,openmp,,4,0.0,0.0,0.0,115.93661581920902,8625402.707625993,,,,,,,False,False,True,False,False,False,False
2,10000,exact,CPU OpenMP 8,openmp,,8,0.0,0.0,0.0,124.92511899441341,8004795.25694684,,,,,,,False,False,False,False,False,False,False
2,10000,exact,CPU OpenMP 2,openmp,,2,0.0,0.0,0.0,200.47881595744676,4988058.190708079,,,,,,,False,False,False,False,False,False,False
2,10000,exact,CPU scalar,scalar,,1,0.0,0.0,0.0,330.7016524590164,3023873.611045622,,,,,,,False,True,False,False,False,False,False
2,10000,exact,CPU OpenMP 1,openmp,,1,0.0,0.0,0.0,391.25519387755094,2555876.613648136,,,,,,,False,False,False,False,False,False,False
2,10000,surrogate,CPWA CUDA B128,cpwa-cuda,128,0,0.0003133773291002309,0.0009112645405843172,0.001249187176580624,9.67999995,103305785.65757121,1999,382,255,564,564,568,True,False,False,False,False,False,True
2,10000,surrogate,CPWA AVX2+OMP4 B128,avx2-omp4,128,4,0.0003133773291002309,0.0009112645405843172,0.001249187176580624,43.10245288461538,23200535.771757234,1999,382,,,,,False,False,False,False,True,False,False
2,10000,surrogate,CPWA AVX2 B128,avx2,128,0,0.0003133773291002309,0.0009112645405843172,0.001249187176580624,159.17756500000002,6282292.356966259,1999,382,,,,,False,False,False,True,False,False,False
2,10000,surrogate,CPWA CUDA B96,cpwa-cuda,96,0,0.00046562592472402674,0.0014374456737755777,0.0021070759680840156,3.8656,258692052.98013243,1287,269,255,0,0,0,True,False,False,False,False,False,True
2,10000,surrogate,CPWA AVX2+OMP4 B96,avx2-omp4,96,4,0.00046562592472402674,0.0014374456737755777,0.0021070759680840156,27.268298214285714,36672622.256863296,1287,269,,,,,False,False,False,False,True,False,False
2,10000,surrogate,CPWA AVX2 B96,avx2,96,0,0.00046562592472402674,0.0014374456737755777,0.0021070759680840156,103.365016,9674453.105100859,1287,269,,,,,False,False,False,True,False,False,False
2,10000,surrogate,CPWA CUDA B64,cpwa-cuda,64,0,0.0007187326587790541,0.001847299899487981,0.0027077352973755575,2.97599994,336021512.15097135,881,190,202,0,0,0,True,False,False,False,False,False,True
2,10000,surrogate,CPWA AVX2+OMP4 B64,avx2-omp4,64,4,0.0007187326587790541,0.001847299899487981,0.0027077352973755575,18.4402515,54229195.301376455,881,190,,,,,False,False,False,False,True,False,False
2,10000,surrogate,CPWA AVX2 B64,avx2,64,0,0.0007187326587790541,0.001847299899487981,0.0027077352973755575,66.60510789473685,15013863.525007822,881,190,,,,,False,False,False,True,False,False,False
2,10000,surrogate,CPWA CUDA B48,cpwa-cuda,48,0,0.001005929224902897,0.002794632838111624,0.004354302246139419,1.664,600961538.4615384,489,103,95,0,0,0,True,False,False,False,False,False,True
2,10000,surrogate,CPWA AVX2+OMP4 B48,avx2-omp4,48,4,0.001005929224902897,0.002794632838111624,0.004354302246139419,10.6181536,94178332.47392467,489,103,,,,,False,False,False,False,True,False,False
2,10000,surrogate,CPWA AVX2 B48,avx2,48,0,0.001005929224902897,0.002794632838111624,0.004354302246139419,38.08655909090909,26255981.73920339,489,103,,,,,False,False,False,True,False,False,False
2,10000,surrogate,CPWA CUDA B32,cpwa-cuda,32,0,0.002115247256413587,0.006653867225672598,0.009364929798562738,1.0272,973520249.2211839,228,48,48,0,0,0,True,False,False,False,False,False,True
2,10000,surrogate,CPWA AVX2+OMP4 B32,avx2-omp4,32,4,0.002115247256413587,0.006653867225672598,0.009364929798562738,4.997280769230769,200108828.4166851,228,48,,,,,False,False,False,False,True,False,False
2,10000,surrogate,CPWA AVX2 B32,avx2,32,0,0.002115247256413587,0.006653867225672598,0.009364929798562738,17.8599825,55991096.295867026,228,48,,,,,False,False,False,True,False,False,False
2,10000,surrogate,CPWA CUDA B24,cpwa-cuda,24,0,0.0026733982984239774,0.00831947416001643,0.02164582196696907,0.787200034,1270325148.3853467,133,33,31,0,0,0,True,False,False,False,False,False,True
2,10000,surrogate,CPWA AVX2+OMP4 B24,avx2-omp4,24,4,0.0026733982984239774,0.00831947416001643,0.02164582196696907,3.0815634062140393,324510603.28126895,133,33,,,,,False,False,False,False,True,False,False
2,10000,surrogate,CPWA AVX2 B24,avx2,24,0,0.0026733982984239774,0.00831947416001643,0.02164582196696907,10.735163404255319,93151819.15196645,133,33,,,,,False,False,False,True,False,False,False
2,10000,surrogate,CPWA CUDA B16,cpwa-cuda,16,0,0.0064544384954823295,0.03154561472283422,0.055608752448372156,0.611199997,1636125662.4809833,77,19,22,0,0,0,True,False,False,False,False,False,True
2,10000,surrogate,CPWA AVX2+OMP4 B16,avx2-omp4,16,4,0.0064544384954823295,0.03154561472283422,0.055608752448372156,1.8608235,537396480.6441879,77,19,,,,,False,False,False,False,True,False,False
2,10000,surrogate,CPWA AVX2 B16,avx2,16,0,0.0064544384954823295,0.03154561472283422,0.055608752448372156,5.961648564593301,167738837.53213474,77,19,,,,,False,False,False,True,False,False,False
2,100000,exact,GPU fixed-composition resident,cuda_fixed_resident,,0,0.0,0.0,0.0,12.4937300621118,80040147.74039157,,,,,,,True,False,False,False,False,True,False
2,100000,exact,GPU generic resident,cuda_generic_resident,,0,0.0,0.0,0.0,12.529446874999998,79811982.92123331,,,,,,,False,False,False,False,False,False,False
2,100000,exact,CPU OpenMP 4,openmp,,4,0.0,0.0,0.0,125.87581214285714,7944338.018372382,,,,,,,False,False,True,False,False,False,False
2,100000,exact,CPU OpenMP 8,openmp,,8,0.0,0.0,0.0,162.23313071428572,6163969.070911502,,,,,,,False,False,False,False,False,False,False
2,100000,exact,CPU OpenMP 2,openmp,,2,0.0,0.0,0.0,212.32628666666668,4709732.439158185,,,,,,,False,False,False,False,False,False,False
2,100000,exact,CPU scalar,scalar,,1,0.0,0.0,0.0,343.83703833333334,2908354.5066792616,,,,,,,False,True,False,False,False,False,False
2,100000,exact,CPU OpenMP 1,openmp,,1,0.0,0.0,0.0,392.3015566666667,2549059.4748001127,,,,,,,False,False,False,False,False,False,False
2,100000,surrogate,CPWA CUDA B128,cpwa-cuda,128,0,0.0003133773291002309,0.0009112645405843172,0.001249187176580624,8.92895997,111995126.34840494,1999,382,255,564,564,568,True,False,False,False,False,False,True
2,100000,surrogate,CPWA AVX2+OMP4 B128,avx2-omp4,128,4,0.0003133773291002309,0.0009112645405843172,0.001249187176580624,44.13771285714286,22656361.99221793,1999,382,,,,,False,False,False,False,True,False,False
2,100000,surrogate,CPWA AVX2 B128,avx2,128,0,0.0003133773291002309,0.0009112645405843172,0.001249187176580624,169.39347,5903415.285134663,1999,382,,,,,False,False,False,True,False,False,False
2,100000,surrogate,CPWA CUDA B96,cpwa-cuda,96,0,0.00046562592472402674,0.0014374456737755777,0.0021070759680840156,3.11423987,321105644.3124916,1287,269,255,0,0,0,True,False,False,False,False,False,True
2,100000,surrogate,CPWA AVX2+OMP4 B96,avx2-omp4,96,4,0.00046562592472402674,0.0014374456737755777,0.0021070759680840156,27.546326,36302481.862735525,1287,269,,,,,False,False,False,False,True,False,False
2,100000,surrogate,CPWA AVX2 B96,avx2,96,0,0.00046562592472402674,0.0014374456737755777,0.0021070759680840156,102.55531333333333,9750835.597856559,1287,269,,,,,False,False,False,True,False,False,False
2,100000,surrogate,CPWA CUDA B64,cpwa-cuda,64,0,0.0007187326587790541,0.001847299899487981,0.0027077352973755575,2.35839993,424016294.81052434,881,190,202,0,0,0,True,False,False,False,False,False,True
2,100000,surrogate,CPWA AVX2+OMP4 B64,avx2-omp4,64,4,0.0007187326587790541,0.001847299899487981,0.0027077352973755575,18.2786685,54708580.113480374,881,190,,,,,False,False,False,False,True,False,False
2,100000,surrogate,CPWA AVX2 B64,avx2,64,0,0.0007187326587790541,0.001847299899487981,0.0027077352973755575,66.7198875,14988034.8644173,881,190,,,,,False,False,False,True,False,False,False
2,100000,surrogate,CPWA CUDA B48,cpwa-cuda,48,0,0.001005929224902897,0.002794632838111624,0.004354302246139419,1.22111998,818920348.8423798,489,103,95,0,0,0,True,False,False,False,False,False,True
2,100000,surrogate,CPWA AVX2+OMP4 B48,avx2-omp4,48,4,0.001005929224902897,0.002794632838111624,0.004354302246139419,10.297954444444445,97106663.79374804,489,103,,,,,False,False,False,False,True,False,False
2,100000,surrogate,CPWA AVX2 B48,avx2,48,0,0.001005929224902897,0.002794632838111624,0.004354302246139419,38.03018,26294905.782723088,489,103,,,,,False,False,False,True,False,False,False
2,100000,surrogate,CPWA CUDA B32,cpwa-cuda,32,0,0.002115247256413587,0.006653867225672598,0.009364929798562738,0.563200004,1775568169.2076123,228,48,48,0,0,0,True,False,False,False,False,False,True
2,100000,surrogate,CPWA AVX2+OMP4 B32,avx2-omp4,32,4,0.002115247256413587,0.006653867225672598,0.009364929798562738,4.853569787234043,206033918.09266248,228,48,,,,,False,False,False,False,True,False,False
2,100000,surrogate,CPWA AVX2 B32,avx2,32,0,0.002115247256413587,0.006653867225672598,0.009364929798562738,18.139404,55128602.90227838,228,48,,,,,False,False,False,True,False,False,False
2,100000,surrogate,CPWA CUDA B24,cpwa-cuda,24,0,0.0026733982984239774,0.00831947416001643,0.02164582196696907,0.35360001,2828054218.663625,133,33,31,0,0,0,True,False,False,False,False,False,True
2,100000,surrogate,CPWA AVX2+OMP4 B24,avx2-omp4,24,4,0.0026733982984239774,0.00831947416001643,0.02164582196696907,2.844908984375,351505094.00907624,133,33,,,,,False,False,False,False,True,False,False
2,100000,surrogate,CPWA AVX2 B24,avx2,24,0,0.0026733982984239774,0.00831947416001643,0.02164582196696907,10.805842083333333,92542533.22305863,133,33,,,,,False,False,False,True,False,False,False
2,100000,surrogate,CPWA CUDA B16,cpwa-cuda,16,0,0.0064544384954823295,0.03154561472283422,0.055608752448372156,0.208000001,4807692284.5784025,77,19,22,0,0,0,True,False,False,False,False,False,True
2,100000,surrogate,CPWA AVX2+OMP4 B16,avx2-omp4,16,4,0.0064544384954823295,0.03154561472283422,0.055608752448372156,2.3151616,431935291.2556946,77,19,,,,,False,False,False,False,True,False,False
2,100000,surrogate,CPWA AVX2 B16,avx2,16,0,0.0064544384954823295,0.03154561472283422,0.055608752448372156,6.199612625,161300400.60365868,77,19,,,,,False,False,False,True,False,False,False
2,1000000,exact,GPU fixed-composition resident,cuda_fixed_resident,,0,0.0,0.0,0.0,12.098191470588235,82656982.44494541,,,,,,,True,False,False,False,False,True,False
2,1000000,exact,GPU generic resident,cuda_generic_resident,,0,0.0,0.0,0.0,12.103515235294116,82620625.54223736,,,,,,,False,False,False,False,False,False,False
2,1000000,exact,CPU OpenMP 8,openmp,,8,0.0,0.0,0.0,132.4955125,7547425.426955498,,,,,,,False,False,True,False,False,False,False
2,1000000,exact,CPU OpenMP 4,openmp,,4,0.0,0.0,0.0,133.762083,7475960.134382775,,,,,,,False,False,False,False,False,False,False
2,1000000,exact,CPU OpenMP 2,openmp,,2,0.0,0.0,0.0,219.920982,4547087.735357602,,,,,,,False,False,False,False,False,False,False
2,1000000,exact,CPU scalar,scalar,,1,0.0,0.0,0.0,345.011387,2898455.0588181023,,,,,,,False,True,False,False,False,False,False
2,1000000,exact,CPU OpenMP 1,openmp,,1,0.0,0.0,0.0,411.683345,2429051.3865699377,,,,,,,False,False,False,False,False,False,False
2,1000000,surrogate,CPWA CUDA B128,cpwa-cuda,128,0,0.0003133773291002309,0.0009112645405843172,0.001249187176580624,7.9242239,126195323.68337043,1999,382,255,564,564,568,True,False,False,False,False,False,True
2,1000000,surrogate,CPWA AVX2+OMP4 B128,avx2-omp4,128,4,0.0003133773291002309,0.0009112645405843172,0.001249187176580624,42.237025,23675909.93920618,1999,382,,,,,False,False,False,False,True,False,False
2,1000000,surrogate,CPWA AVX2 B128,avx2,128,0,0.0003133773291002309,0.0009112645405843172,0.001249187176580624,158.329101,6315958.302573826,1999,382,,,,,False,False,False,True,False,False,False
2,1000000,surrogate,CPWA CUDA B96,cpwa-cuda,96,0,0.00046562592472402674,0.0014374456737755777,0.0021070759680840156,3.1288321,319608073.56840914,1287,269,255,0,0,0,True,False,False,False,False,False,True
2,1000000,surrogate,CPWA AVX2+OMP4 B96,avx2-omp4,96,4,0.00046562592472402674,0.0014374456737755777,0.0021070759680840156,26.823692,37280475.78237925,1287,269,,,,,False,False,False,False,True,False,False
2,1000000,surrogate,CPWA AVX2 B96,avx2,96,0,0.00046562592472402674,0.0014374456737755777,0.0021070759680840156,103.010053,9707790.364887979,1287,269,,,,,False,False,False,True,False,False,False
2,1000000,surrogate,CPWA CUDA B64,cpwa-cuda,64,0,0.0007187326587790541,0.001847299899487981,0.0027077352973755575,2.38425589,419418068.4188223,881,190,202,0,0,0,True,False,False,False,False,False,True
2,1000000,surrogate,CPWA AVX2+OMP4 B64,avx2-omp4,64,4,0.0007187326587790541,0.001847299899487981,0.0027077352973755575,18.003093,55546010.899349354,881,190,,,,,False,False,False,False,True,False,False
2,1000000,surrogate,CPWA AVX2 B64,avx2,64,0,0.0007187326587790541,0.001847299899487981,0.0027077352973755575,66.934223,14940040.46330679,881,190,,,,,False,False,False,True,False,False,False
2,1000000,surrogate,CPWA CUDA B48,cpwa-cuda,48,0,0.001005929224902897,0.002794632838111624,0.004354302246139419,1.17174399,853428742.5702947,489,103,95,0,0,0,True,False,False,False,False,False,True
2,1000000,surrogate,CPWA AVX2+OMP4 B48,avx2-omp4,48,4,0.001005929224902897,0.002794632838111624,0.004354302246139419,10.282464,97252954.15573545,489,103,,,,,False,False,False,False,True,False,False
2,1000000,surrogate,CPWA AVX2 B48,avx2,48,0,0.001005929224902897,0.002794632838111624,0.004354302246139419,38.655514,25869530.540972758,489,103,,,,,False,False,False,True,False,False,False
2,1000000,surrogate,CPWA CUDA B32,cpwa-cuda,32,0,0.002115247256413587,0.006653867225672598,0.009364929798562738,0.517343998,1932949843.5584443,228,48,48,0,0,0,True,False,False,False,False,False,True
2,1000000,surrogate,CPWA AVX2+OMP4 B32,avx2-omp4,32,4,0.002115247256413587,0.006653867225672598,0.009364929798562738,4.838975166666667,206655327.94805622,228,48,,,,,False,False,False,False,True,False,False
2,1000000,surrogate,CPWA AVX2 B32,avx2,32,0,0.002115247256413587,0.006653867225672598,0.009364929798562738,18.3614375,54461966.82585446,228,48,,,,,False,False,False,True,False,False,False
2,1000000,surrogate,CPWA CUDA B24,cpwa-cuda,24,0,0.0026733982984239774,0.00831947416001643,0.02164582196696907,0.309087992,3235324651.4992404,133,33,31,0,0,0,True,False,False,False,False,False,True
2,1000000,surrogate,CPWA AVX2+OMP4 B24,avx2-omp4,24,4,0.0026733982984239774,0.00831947416001643,0.02164582196696907,2.8639564444444443,349167321.2907335,133,33,,,,,False,False,False,False,True,False,False
2,1000000,surrogate,CPWA AVX2 B24,avx2,24,0,0.0026733982984239774,0.00831947416001643,0.02164582196696907,11.043652666666668,90549751.08175258,133,33,,,,,False,False,False,True,False,False,False
2,1000000,surrogate,CPWA CUDA B16,cpwa-cuda,16,0,0.0064544384954823295,0.03154561472283422,0.055608752448372156,0.173184007,5774205235.937288,77,19,22,0,0,0,True,False,False,False,False,False,True
2,1000000,surrogate,CPWA AVX2+OMP4 B16,avx2-omp4,16,4,0.0064544384954823295,0.03154561472283422,0.055608752448372156,1.6863888,592983065.3524264,77,19,,,,,False,False,False,False,True,False,False
2,1000000,surrogate,CPWA AVX2 B16,avx2,16,0,0.0064544384954823295,0.03154561472283422,0.055608752448372156,6.36996425,156986752.3196853,77,19,,,,,False,False,False,True,False,False,False
3,100,exact,CPU OpenMP 8,openmp,,8,0.0,0.0,0.0,151.68650000000002,6592544.4914346365,,,,,,,True,False,True,False,False,False,False
3,100,exact,CPU OpenMP 4,openmp,,4,0.0,0.0,0.0,176.63607346505768,5661357.730519418,,,,,,,False,False,False,False,False,False,False
3,100,exact,CPU OpenMP 2,openmp,,2,0.0,0.0,0.0,266.0393654239019,3758842.2239942555,,,,,,,False,False,False,False,False,False,False
3,100,exact,GPU generic resident,cuda_generic_resident,,0,0.0,0.0,0.0,361.9002233520973,2763192.5472095865,,,,,,,False,False,False,False,False,True,False
3,100,exact,GPU fixed-composition resident,cuda_fixed_resident,,0,0.0,0.0,0.0,363.10640230713767,2754013.68206705,,,,,,,False,False,False,False,False,False,False
3,100,exact,CPU scalar,scalar,,1,0.0,0.0,0.0,384.02206804281343,2604017.0167734036,,,,,,,False,True,False,False,False,False,False
3,100,exact,CPU OpenMP 1,openmp,,1,0.0,0.0,0.0,452.13934213521514,2211707.5574037167,,,,,,,False,False,False,False,False,False,False
3,100,surrogate,CPWA AVX2+OMP4 B128,avx2-omp4,128,4,0.00038870413960664154,0.0011107809381621404,0.001770982503845997,106.5354,9386551.324723989,2130,439,,,,,True,False,False,False,True,False,False
3,100,surrogate,CPWA AVX2 B128,avx2,128,0,0.00038870413960664154,0.0011107809381621404,0.001770982503845997,190.247645,5256306.852050652,2130,439,,,,,False,False,False,True,False,False,False
3,100,surrogate,CPWA CUDA B128,cpwa-cuda,128,0,0.00038870413960664154,0.0011107809381621404,0.001770982503845997,247.04,4047927.4611398964,2130,439,255,420,420,424,False,False,False,False,False,False,True
3,100,surrogate,CPWA AVX2+OMP4 B96,avx2-omp4,96,4,0.0005609796870602037,0.0016765256045591659,0.0024356871959627657,73.68894472361809,13570556.665598297,1412,291,,,,,True,False,False,False,True,False,False
3,100,surrogate,CPWA AVX2 B96,avx2,96,0,0.0005609796870602037,0.0016765256045591659,0.0024356871959627657,124.96678,8002126.645177222,1412,291,,,,,False,False,False,True,False,False,False
3,100,surrogate,CPWA CUDA B96,cpwa-cuda,96,0,0.0005609796870602037,0.0016765256045591659,0.0024356871959627657,126.719996,7891414.390511818,1412,291,255,48,48,48,False,False,False,False,False,False,True
3,100,surrogate,CPWA AVX2+OMP4 B64,avx2-omp4,64,4,0.0009020488444937802,0.0024526480627163057,0.0033413081456192817,58.77849421887604,17013025.142771713,835,158,,,,,True,False,False,False,True,False,False
3,100,surrogate,CPWA AVX2 B64,avx2,64,0,0.0009020488444937802,0.0024526480627163057,0.0033413081456192817,73.7821982885807,13553404.794050036,835,158,,,,,False,False,False,True,False,False,False
3,100,surrogate,CPWA CUDA B64,cpwa-cuda,64,0,0.0009020488444937802,0.0024526480627163057,0.0033413081456192817,77.7600007,12860082.188759547,835,158,166,0,0,0,False,False,False,False,False,False,True
3,100,surrogate,CPWA AVX2 B48,avx2,48,0,0.0012150993217043922,0.003394472031917318,0.004658448052157871,47.03671144278607,21259989.68308759,533,102,,,,,True,False,False,True,False,False,False
3,100,surrogate,CPWA AVX2+OMP4 B48,avx2-omp4,48,4,0.0012150993217043922,0.003394472031917318,0.004658448052157871,47.44972835314092,21074936.24742333,533,102,,,,,False,False,False,False,True,False,False
3,100,surrogate,CPWA CUDA B48,cpwa-cuda,48,0,0.0012150993217043922,0.003394472031917318,0.004658448052157871,55.6800002,17959770.05043186,533,102,96,0,0,0,False,False,False,False,False,False,True
3,100,surrogate,CPWA AVX2 B32,avx2,32,0,0.0021040622195891844,0.006271356861770966,0.009118294668629012,22.583536,44280045.427784204,265,57,,,,,True,False,False,True,False,False,False
3,100,surrogate,CPWA AVX2+OMP4 B32,avx2-omp4,32,4,0.0021040622195891844,0.006271356861770966,0.009118294668629012,33.53817833173538,29816765.541310083,265,57,,,,,False,False,False,False,True,False,False
3,100,surrogate,CPWA CUDA B32,cpwa-cuda,32,0,0.0021040622195891844,0.006271356861770966,0.009118294668629012,48.9600003,20424836.476155005,265,57,62,0,0,0,False,False,False,False,False,False,True
3,100,surrogate,CPWA AVX2 B24,avx2,24,0,0.002967495238361881,0.00862680894592261,0.024713578259689006,14.634653,68330967.60135002,164,37,,,,,True,False,False,True,False,False,False
3,100,surrogate,CPWA AVX2+OMP4 B24,avx2-omp4,24,4,0.002967495238361881,0.00862680894592261,0.024713578259689006,30.170607878650667,33144840.966483153,164,37,,,,,False,False,False,False,True,False,False
3,100,surrogate,CPWA CUDA B24,cpwa-cuda,24,0,0.002967495238361881,0.00862680894592261,0.024713578259689006,46.7200018,21404108.764396496,164,37,38,0,0,0,False,False,False,False,False,False,True
3,100,surrogate,CPWA AVX2 B16,avx2,16,0,0.007666704070839694,0.0370324574065091,0.06578338250529137,7.1348595505617975,140156928.51602948,79,19,,,,,True,False,False,True,False,False,False
3,100,surrogate,CPWA AVX2+OMP4 B16,avx2-omp4,16,4,0.007666704070839694,0.0370324574065091,0.06578338250529137,28.64175370389829,34914063.2357262,79,19,,,,,False,False,False,False,True,False,False
3,100,surrogate,CPWA CUDA B16,cpwa-cuda,16,0,0.007666704070839694,0.0370324574065091,0.06578338250529137,45.119999,22163121.05857981,79,19,25,0,0,0,False,False,False,False,False,False,True
3,1000,exact,GPU fixed-composition resident,cuda_fixed_resident,,0,0.0,0.0,0.0,36.19602893832519,27627340.051692154,,,,,,,True,False,False,False,False,True,False
3,1000,exact,GPU generic resident,cuda_generic_resident,,0,0.0,0.0,0.0,36.60857679618769,27316003.175084837,,,,,,,False,False,False,False,False,False,False
3,1000,exact,CPU OpenMP 4,openmp,,4,0.0,0.0,0.0,145.13985798381162,6889906.149085088,,,,,,,False,False,True,False,False,False,False
3,1000,exact,CPU OpenMP 8,openmp,,8,0.0,0.0,0.0,165.42304081632653,6045107.108811557,,,,,,,False,False,False,False,False,False,False
3,1000,exact,CPU OpenMP 2,openmp,,2,0.0,0.0,0.0,258.1882900302115,3873142.3484891066,,,,,,,False,False,False,False,False,False,False
3,1000,exact,CPU scalar,scalar,,1,0.0,0.0,0.0,378.9262913533835,2639035.672157698,,,,,,,False,True,False,False,False,False,False
3,1000,exact,CPU OpenMP 1,openmp,,1,0.0,0.0,0.0,442.88480260303686,2257923.4918934717,,,,,,,False,False,False,False,False,False,False
3,1000,surrogate,CPWA CUDA B128,cpwa-cuda,128,0,0.00038870413960664154,0.0011107809381621404,0.001770982503845997,24.6079993,40637192.313314155,2130,439,255,420,420,424,True,False,False,False,False,False,True
3,1000,surrogate,CPWA AVX2+OMP4 B128,avx2-omp4,128,4,0.00038870413960664154,0.0011107809381621404,0.001770982503845997,50.407229357798165,19838424.224863626,2130,439,,,,,False,False,False,False,True,False,False
3,1000,surrogate,CPWA AVX2 B128,avx2,128,0,0.00038870413960664154,0.0011107809381621404,0.001770982503845997,166.129985,6019382.954859112,2130,439,,,,,False,False,False,True,False,False,False
3,1000,surrogate,CPWA CUDA B96,cpwa-cuda,96,0,0.0005609796870602037,0.0016765256045591659,0.0024356871959627657,10.4,96153846.15384614,1412,291,255,48,48,48,True,False,False,False,False,False,True
3,1000,surrogate,CPWA AVX2+OMP4 B96,avx2-omp4,96,4,0.0005609796870602037,0.0016765256045591659,0.0024356871959627657,33.19100758533502,30128642.44717403,1412,291,,,,,False,False,False,False,True,False,False
3,1000,surrogate,CPWA AVX2 B96,avx2,96,0,0.0005609796870602037,0.0016765256045591659,0.0024356871959627657,109.62697391304347,9121842.59316693,1412,291,,,,,False,False,False,True,False,False,False
3,1000,surrogate,CPWA CUDA B64,cpwa-cuda,64,0,0.0009020488444937802,0.0024526480627163057,0.0033413081456192817,7.74399983,129132234.23973139,835,158,166,0,0,0,True,False,False,False,False,False,True
3,1000,surrogate,CPWA AVX2+OMP4 B64,avx2-omp4,64,4,0.0009020488444937802,0.0024526480627163057,0.0033413081456192817,21.0304975,47549992.57625741,835,158,,,,,False,False,False,False,True,False,False
3,1000,surrogate,CPWA AVX2 B64,avx2,64,0,0.0009020488444937802,0.0024526480627163057,0.0033413081456192817,66.17774738219896,15110819.566351518,835,158,,,,,False,False,False,True,False,False,False
3,1000,surrogate,CPWA CUDA B48,cpwa-cuda,48,0,0.0012150993217043922,0.003394472031917318,0.004658448052157871,6.5919999,151699031.42747316,533,102,96,0,0,0,True,False,False,False,False,False,True
3,1000,surrogate,CPWA AVX2+OMP4 B48,avx2-omp4,48,4,0.0012150993217043922,0.003394472031917318,0.004658448052157871,13.9028455,71927721.5588708,533,102,,,,,False,False,False,False,True,False,False
3,1000,surrogate,CPWA AVX2 B48,avx2,48,0,0.0012150993217043922,0.003394472031917318,0.004658448052157871,41.59338187372709,24042286.415562205,533,102,,,,,False,False,False,True,False,False,False
3,1000,surrogate,CPWA CUDA B32,cpwa-cuda,32,0,0.0021040622195891844,0.006271356861770966,0.009118294668629012,5.43999998,183823530.08758652,265,57,62,0,0,0,True,False,False,False,False,False,True
3,1000,surrogate,CPWA AVX2+OMP4 B32,avx2-omp4,32,4,0.0021040622195891844,0.006271356861770966,0.009118294668629012,8.02987204234122,124534985.7042599,265,57,,,,,False,False,False,False,True,False,False
3,1000,surrogate,CPWA AVX2 B32,avx2,32,0,0.0021040622195891844,0.006271356861770966,0.009118294668629012,20.308092,49241455.08105833,265,57,,,,,False,False,False,True,False,False,False
3,1000,surrogate,CPWA CUDA B24,cpwa-cuda,24,0,0.002967495238361881,0.00862680894592261,0.024713578259689006,4.83200001,206953641.95580786,164,37,38,0,0,0,True,False,False,False,False,False,True
3,1000,surrogate,CPWA AVX2+OMP4 B24,avx2-omp4,24,4,0.002967495238361881,0.00862680894592261,0.024713578259689006,7.271994300106044,137513859.16039807,164,37,,,,,False,False,False,False,True,False,False
3,1000,surrogate,CPWA AVX2 B24,avx2,24,0,0.002967495238361881,0.00862680894592261,0.024713578259689006,13.0915905,76384912.89503746,164,37,,,,,False,False,False,True,False,False,False
3,1000,surrogate,CPWA AVX2+OMP4 B16,avx2-omp4,16,4,0.007666704070839694,0.0370324574065091,0.06578338250529137,4.275455553794961,233893204.45920303,79,19,,,,,True,False,False,False,True,False,False
3,1000,surrogate,CPWA CUDA B16,cpwa-cuda,16,0,0.007666704070839694,0.0370324574065091,0.06578338250529137,4.57599992,218531472.3519488,79,19,25,0,0,0,False,False,False,False,False,False,True
3,1000,surrogate,CPWA AVX2 B16,avx2,16,0,0.007666704070839694,0.0370324574065091,0.06578338250529137,6.46648228663446,154643584.5137773,79,19,,,,,False,False,False,True,False,False,False
3,10000,exact,GPU fixed-composition resident,cuda_fixed_resident,,0,0.0,0.0,0.0,20.482484387755104,48822202.47646437,,,,,,,True,False,False,False,False,True,False
3,10000,exact,GPU generic resident,cuda_generic_resident,,0,0.0,0.0,0.0,21.21087696879643,47145622.572376974,,,,,,,False,False,False,False,False,False,False
3,10000,exact,CPU OpenMP 8,openmp,,8,0.0,0.0,0.0,151.91924896551726,6582444.336773814,,,,,,,False,False,True,False,False,False,False
3,10000,exact,CPU OpenMP 4,openmp,,4,0.0,0.0,0.0,152.01887092198584,6578130.688216909,,,,,,,False,False,False,False,False,False,False
3,10000,exact,CPU OpenMP 2,openmp,,2,0.0,0.0,0.0,237.69178470588233,4207128.99790538,,,,,,,False,False,False,False,False,False,False
3,10000,exact,CPU scalar,scalar,,1,0.0,0.0,0.0,387.2920480769231,2582030.808444025,,,,,,,False,True,False,False,False,False,False
3,10000,exact,CPU OpenMP 1,openmp,,1,0.0,0.0,0.0,449.72288372093027,2223591.5409199796,,,,,,,False,False,False,False,False,False,False
3,10000,surrogate,CPWA CUDA B128,cpwa-cuda,128,0,0.00038870413960664154,0.0011107809381621404,0.001770982503845997,9.46239978,105681436.34277941,2130,439,255,420,420,424,True,False,False,False,False,False,True
3,10000,surrogate,CPWA AVX2+OMP4 B128,avx2-omp4,128,4,0.00038870413960664154,0.0011107809381621404,0.001770982503845997,47.23725675675676,21169730.60373497,2130,439,,,,,False,False,False,False,True,False,False
3,10000,surrogate,CPWA AVX2 B128,avx2,128,0,0.00038870413960664154,0.0011107809381621404,0.001770982503845997,166.391235,6009931.953446947,2130,439,,,,,False,False,False,True,False,False,False
3,10000,surrogate,CPWA CUDA B96,cpwa-cuda,96,0,0.0005609796870602037,0.0016765256045591659,0.0024356871959627657,3.65119986,273882569.660265,1412,291,255,48,48,48,True,False,False,False,False,False,True
3,10000,surrogate,CPWA AVX2+OMP4 B96,avx2-omp4,96,4,0.0005609796870602037,0.0016765256045591659,0.0024356871959627657,29.814900574712645,33540276.194921974,1412,291,,,,,False,False,False,False,True,False,False
3,10000,surrogate,CPWA AVX2 B96,avx2,96,0,0.0005609796870602037,0.0016765256045591659,0.0024356871959627657,110.0053,9090471.09548358,1412,291,,,,,False,False,False,True,False,False,False
3,10000,surrogate,CPWA CUDA B64,cpwa-cuda,64,0,0.0009020488444937802,0.0024526480627163057,0.0033413081456192817,2.38719992,418900818.3277754,835,158,166,0,0,0,True,False,False,False,False,False,True
3,10000,surrogate,CPWA AVX2+OMP4 B64,avx2-omp4,64,4,0.0009020488444937802,0.0024526480627163057,0.0033413081456192817,18.0418775,55426604.02167125,835,158,,,,,False,False,False,False,True,False,False
3,10000,surrogate,CPWA AVX2 B64,avx2,64,0,0.0009020488444937802,0.0024526480627163057,0.0033413081456192817,65.48629487179487,15270370.72348863,835,158,,,,,False,False,False,True,False,False,False
3,10000,surrogate,CPWA CUDA B48,cpwa-cuda,48,0,0.0012150993217043922,0.003394472031917318,0.004658448052157871,1.43680004,695991071.9378877,533,102,96,0,0,0,True,False,False,False,False,False,True
3,10000,surrogate,CPWA AVX2+OMP4 B48,avx2-omp4,48,4,0.0012150993217043922,0.003394472031917318,0.004658448052157871,11.429967441860466,87489313.07867567,533,102,,,,,False,False,False,False,True,False,False
3,10000,surrogate,CPWA AVX2 B48,avx2,48,0,0.0012150993217043922,0.003394472031917318,0.004658448052157871,41.11388196721312,24322684.994753476,533,102,,,,,False,False,False,True,False,False,False
3,10000,surrogate,CPWA CUDA B32,cpwa-cuda,32,0,0.0021040622195891844,0.006271356861770966,0.009118294668629012,1.01760002,982704383.2015649,265,57,62,0,0,0,True,False,False,False,False,False,True
3,10000,surrogate,CPWA AVX2+OMP4 B32,avx2-omp4,32,4,0.0021040622195891844,0.006271356861770966,0.009118294668629012,5.679955097087379,176057729.84240484,265,57,,,,,False,False,False,False,True,False,False
3,10000,surrogate,CPWA AVX2 B32,avx2,32,0,0.0021040622195891844,0.006271356861770966,0.009118294668629012,20.328992,49190830.51437081,265,57,,,,,False,False,False,True,False,False,False
3,10000,surrogate,CPWA CUDA B24,cpwa-cuda,24,0,0.002967495238361881,0.00862680894592261,0.024713578259689006,0.719999988,1388888912.0370374,164,37,38,0,0,0,True,False,False,False,False,False,True
3,10000,surrogate,CPWA AVX2+OMP4 B24,avx2-omp4,24,4,0.002967495238361881,0.00862680894592261,0.024713578259689006,3.620813501144165,276181029.3968478,164,37,,,,,False,False,False,False,True,False,False
3,10000,surrogate,CPWA AVX2 B24,avx2,24,0,0.002967495238361881,0.00862680894592261,0.024713578259689006,13.0721485,76498518.96954812,164,37,,,,,False,False,False,True,False,False,False
3,10000,surrogate,CPWA CUDA B16,cpwa-cuda,16,0,0.007666704070839694,0.0370324574065091,0.06578338250529137,0.566399982,1765536779.2720022,79,19,25,0,0,0,True,False,False,False,False,False,True
3,10000,surrogate,CPWA AVX2+OMP4 B16,avx2-omp4,16,4,0.007666704070839694,0.0370324574065091,0.06578338250529137,1.9525528985507248,512150016.9046618,79,19,,,,,False,False,False,False,True,False,False
3,10000,surrogate,CPWA AVX2 B16,avx2,16,0,0.007666704070839694,0.0370324574065091,0.06578338250529137,6.458830890052356,154826781.66108385,79,19,,,,,False,False,False,True,False,False,False
3,100000,exact,GPU fixed-composition resident,cuda_fixed_resident,,0,0.0,0.0,0.0,17.11730752136752,58420402.785408914,,,,,,,True,False,False,False,False,True,False
3,100000,exact,GPU generic resident,cuda_generic_resident,,0,0.0,0.0,0.0,17.135161452991454,58359531.81669147,,,,,,,False,False,False,False,False,False,False
3,100000,exact,CPU OpenMP 4,openmp,,4,0.0,0.0,0.0,138.843358,7202361.095299928,,,,,,,False,False,True,False,False,False,False
3,100000,exact,CPU OpenMP 8,openmp,,8,0.0,0.0,0.0,139.23538625,7182082.277593423,,,,,,,False,False,False,False,False,False,False
3,100000,exact,CPU OpenMP 2,openmp,,2,0.0,0.0,0.0,241.10135777777776,4147633.216241346,,,,,,,False,False,False,False,False,False,False
3,100000,exact,CPU scalar,scalar,,1,0.0,0.0,0.0,390.149394,2563120.731132034,,,,,,,False,True,False,False,False,False,False
3,100000,exact,CPU OpenMP 1,openmp,,1,0.0,0.0,0.0,446.39171,2240184.9711769964,,,,,,,False,False,False,False,False,False,False
3,100000,surrogate,CPWA CUDA B128,cpwa-cuda,128,0,0.00038870413960664154,0.0011107809381621404,0.001770982503845997,8.6374402,115775041.77684495,2130,439,255,420,420,424,True,False,False,False,False,False,True
3,100000,surrogate,CPWA AVX2+OMP4 B128,avx2-omp4,128,4,0.00038870413960664154,0.0011107809381621404,0.001770982503845997,44.911672857142854,22265926.34794181,2130,439,,,,,False,False,False,False,True,False,False
3,100000,surrogate,CPWA AVX2 B128,avx2,128,0,0.00038870413960664154,0.0011107809381621404,0.001770982503845997,166.33714,6011886.461436093,2130,439,,,,,False,False,False,True,False,False,False
3,100000,surrogate,CPWA CUDA B96,cpwa-cuda,96,0,0.0005609796870602037,0.0016765256045591659,0.0024356871959627657,2.97120005,336564345.440153,1412,291,255,48,48,48,True,False,False,False,False,False,True
3,100000,surrogate,CPWA AVX2+OMP4 B96,avx2-omp4,96,4,0.0005609796870602037,0.0016765256045591659,0.0024356871959627657,44.70621,22368257.116852447,1412,291,,,,,False,False,False,False,True,False,False
3,100000,surrogate,CPWA AVX2 B96,avx2,96,0,0.0005609796870602037,0.0016765256045591659,0.0024356871959627657,109.78718,9108531.615439981,1412,291,,,,,False,False,False,True,False,False,False
3,100000,surrogate,CPWA CUDA B64,cpwa-cuda,64,0,0.0009020488444937802,0.0024526480627163057,0.0033413081456192817,1.81311995,551535489.9713061,835,158,166,0,0,0,True,False,False,False,False,False,True
3,100000,surrogate,CPWA AVX2+OMP4 B64,avx2-omp4,64,4,0.0009020488444937802,0.0024526480627163057,0.0033413081456192817,17.653903,56644697.77589692,835,158,,,,,False,False,False,False,True,False,False
3,100000,surrogate,CPWA AVX2 B64,avx2,64,0,0.0009020488444937802,0.0024526480627163057,0.0033413081456192817,66.616535,15011288.11337906,835,158,,,,,False,False,False,True,False,False,False
3,100000,surrogate,CPWA CUDA B48,cpwa-cuda,48,0,0.0012150993217043922,0.003394472031917318,0.004658448052157871,1.04479998,957120998.4134953,533,102,96,0,0,0,True,False,False,False,False,False,True
3,100000,surrogate,CPWA AVX2+OMP4 B48,avx2-omp4,48,4,0.0012150993217043922,0.003394472031917318,0.004658448052157871,11.250350434782609,88886120.1077176,533,102,,,,,False,False,False,False,True,False,False
3,100000,surrogate,CPWA AVX2 B48,avx2,48,0,0.0012150993217043922,0.003394472031917318,0.004658448052157871,41.17078285714286,24289069.34973442,533,102,,,,,False,False,False,True,False,False,False
3,100000,surrogate,CPWA CUDA B32,cpwa-cuda,32,0,0.0021040622195891844,0.006271356861770966,0.009118294668629012,0.523840003,1908979830.2402651,265,57,62,0,0,0,True,False,False,False,False,False,True
3,100000,surrogate,CPWA AVX2+OMP4 B32,avx2-omp4,32,4,0.0021040622195891844,0.006271356861770966,0.009118294668629012,5.459768958333333,183157933.53740436,265,57,,,,,False,False,False,False,True,False,False
3,100000,surrogate,CPWA AVX2 B32,avx2,32,0,0.0021040622195891844,0.006271356861770966,0.009118294668629012,21.6066915,46281958.53122631,265,57,,,,,False,False,False,True,False,False,False
3,100000,surrogate,CPWA CUDA B24,cpwa-cuda,24,0,0.002967495238361881,0.00862680894592261,0.024713578259689006,0.339840017,2942561058.0757475,164,37,38,0,0,0,True,False,False,False,False,False,True
3,100000,surrogate,CPWA AVX2+OMP4 B24,avx2-omp4,24,4,0.002967495238361881,0.00862680894592261,0.024713578259689006,3.3727756962025315,296491700.0338676,164,37,,,,,False,False,False,False,True,False,False
3,100000,surrogate,CPWA AVX2 B24,avx2,24,0,0.002967495238361881,0.00862680894592261,0.024713578259689006,13.1467315,76064533.60669912,164,37,,,,,False,False,False,True,False,False,False
3,100000,surrogate,CPWA CUDA B16,cpwa-cuda,16,0,0.007666704070839694,0.0370324574065091,0.06578338250529137,0.200960003,4976114575.3963785,79,19,25,0,0,0,True,False,False,False,False,False,True
3,100000,surrogate,CPWA AVX2+OMP4 B16,avx2-omp4,16,4,0.007666704070839694,0.0370324574065091,0.06578338250529137,1.75118655,571041389.0513264,79,19,,,,,False,False,False,False,True,False,False
3,100000,surrogate,CPWA AVX2 B16,avx2,16,0,0.007666704070839694,0.0370324574065091,0.06578338250529137,6.577346923076923,152036985.6866534,79,19,,,,,False,False,False,True,False,False,False
3,1000000,exact,GPU fixed-composition resident,cuda_fixed_resident,,0,0.0,0.0,0.0,16.66444807692308,60007987.986400805,,,,,,,True,False,False,False,False,True,False
3,1000000,exact,GPU generic resident,cuda_generic_resident,,0,0.0,0.0,0.0,16.6652717,60005022.30035649,,,,,,,False,False,False,False,False,False,False
3,1000000,exact,CPU OpenMP 8,openmp,,8,0.0,0.0,0.0,150.860403,6628644.628504671,,,,,,,False,False,True,False,False,False,False
3,1000000,exact,CPU OpenMP 4,openmp,,4,0.0,0.0,0.0,153.7356445,6504672.376092976,,,,,,,False,False,False,False,False,False,False
3,1000000,exact,CPU OpenMP 2,openmp,,2,0.0,0.0,0.0,256.46633,3899147.307172836,,,,,,,False,False,False,False,False,False,False
3,1000000,exact,CPU scalar,scalar,,1,0.0,0.0,0.0,388.696997,2572698.033990728,,,,,,,False,True,False,False,False,False,False
3,1000000,exact,CPU OpenMP 1,openmp,,1,0.0,0.0,0.0,455.896101,2193482.23818216,,,,,,,False,False,False,False,False,False,False
3,1000000,surrogate,CPWA CUDA B128,cpwa-cuda,128,0,0.00038870413960664154,0.0011107809381621404,0.001770982503845997,8.47721577,117963259.06188416,2130,439,255,420,420,424,True,False,False,False,False,False,True
3,1000000,surrogate,CPWA AVX2+OMP4 B128,avx2-omp4,128,4,0.00038870413960664154,0.0011107809381621404,0.001770982503845997,44.536735,22453374.72538119,2130,439,,,,,False,False,False,False,True,False,False
3,1000000,surrogate,CPWA AVX2 B128,avx2,128,0,0.00038870413960664154,0.0011107809381621404,0.001770982503845997,167.999219,5952408.623994852,2130,439,,,,,False,False,False,True,False,False,False
3,1000000,surrogate,CPWA CUDA B96,cpwa-cuda,96,0,0.0005609796870602037,0.0016765256045591659,0.0024356871959627657,2.99219203,334203149.38810927,1412,291,255,48,48,48,True,False,False,False,False,False,True
3,1000000,surrogate,CPWA AVX2+OMP4 B96,avx2-omp4,96,4,0.0005609796870602037,0.0016765256045591659,0.0024356871959627657,29.383615,34032572.234559976,1412,291,,,,,False,False,False,False,True,False,False
3,1000000,surrogate,CPWA AVX2 B96,avx2,96,0,0.0005609796870602037,0.0016765256045591659,0.0024356871959627657,110.638183,9038470.922827791,1412,291,,,,,False,False,False,True,False,False,False
3,1000000,surrogate,CPWA CUDA B64,cpwa-cuda,64,0,0.0009020488444937802,0.0024526480627163057,0.0033413081456192817,1.848032,541116171.1485516,835,158,166,0,0,0,True,False,False,False,False,False,True
3,1000000,surrogate,CPWA AVX2+OMP4 B64,avx2-omp4,64,4,0.0009020488444937802,0.0024526480627163057,0.0033413081456192817,17.4246655,57389910.87088587,835,158,,,,,False,False,False,False,True,False,False
3,1000000,surrogate,CPWA AVX2 B64,avx2,64,0,0.0009020488444937802,0.0024526480627163057,0.0033413081456192817,65.90283900000001,15173853.132487962,835,158,,,,,False,False,False,True,False,False,False
3,1000000,surrogate,CPWA CUDA B48,cpwa-cuda,48,0,0.0012150993217043922,0.003394472031917318,0.004658448052157871,1.01087999,989237110.1341119,533,102,96,0,0,0,True,False,False,False,False,False,True
3,1000000,surrogate,CPWA AVX2+OMP4 B48,avx2-omp4,48,4,0.0012150993217043922,0.003394472031917318,0.004658448052157871,11.031578,90648862.74656264,533,102,,,,,False,False,False,False,True,False,False
3,1000000,surrogate,CPWA AVX2 B48,avx2,48,0,0.0012150993217043922,0.003394472031917318,0.004658448052157871,41.358555,24178794.447726715,533,102,,,,,False,False,False,True,False,False,False
3,1000000,surrogate,CPWA CUDA B32,cpwa-cuda,32,0,0.0021040622195891844,0.006271356861770966,0.009118294668629012,0.486176014,2056868235.3794608,265,57,62,0,0,0,True,False,False,False,False,False,True
3,1000000,surrogate,CPWA AVX2+OMP4 B32,avx2-omp4,32,4,0.0021040622195891844,0.006271356861770966,0.009118294668629012,5.5415202,180455897.28248218,265,57,,,,,False,False,False,False,True,False,False
3,1000000,surrogate,CPWA AVX2 B32,avx2,32,0,0.0021040622195891844,0.006271356861770966,0.009118294668629012,20.5433135,48677639.07706515,265,57,,,,,False,False,False,True,False,False,False
3,1000000,surrogate,CPWA CUDA B24,cpwa-cuda,24,0,0.002967495238361881,0.00862680894592261,0.024713578259689006,0.301503986,3316705736.686347,164,37,38,0,0,0,True,False,False,False,False,False,True
3,1000000,surrogate,CPWA AVX2+OMP4 B24,avx2-omp4,24,4,0.002967495238361881,0.00862680894592261,0.024713578259689006,3.405961,293602892.1059284,164,37,,,,,False,False,False,False,True,False,False
3,1000000,surrogate,CPWA AVX2 B24,avx2,24,0,0.002967495238361881,0.00862680894592261,0.024713578259689006,13.383596,74718334.29520735,164,37,,,,,False,False,False,True,False,False,False
3,1000000,surrogate,CPWA CUDA B16,cpwa-cuda,16,0,0.007666704070839694,0.0370324574065091,0.06578338250529137,0.167584002,5967156697.9287195,79,19,25,0,0,0,True,False,False,False,False,False,True
3,1000000,surrogate,CPWA AVX2+OMP4 B16,avx2-omp4,16,4,0.007666704070839694,0.0370324574065091,0.06578338250529137,1.78087115,561522937.8049052,79,19,,,,,False,False,False,False,True,False,False
3,1000000,surrogate,CPWA AVX2 B16,avx2,16,0,0.007666704070839694,0.0370324574065091,0.06578338250529137,6.70990775,149033345.50314793,79,19,,,,,False,False,False,True,False,False,False
4,100,exact,CPU OpenMP 4,openmp,,4,0.0,0.0,0.0,213.45141763204398,4684906.809679004,,,,,,,True,False,True,False,False,False,False
4,100,exact,CPU OpenMP 2,openmp,,2,0.0,0.0,0.0,293.3740962973804,3408617.2317897626,,,,,,,False,False,False,False,False,False,False
4,100,exact,CPU OpenMP 8,openmp,,8,0.0,0.0,0.0,317.760911516704,3147020.17698433,,,,,,,False,False,False,False,False,False,False
4,100,exact,GPU fixed-composition resident,cuda_fixed_resident,,0,0.0,0.0,0.0,422.28046345060034,2368094.3982789367,,,,,,,False,False,False,False,False,True,False
4,100,exact,GPU generic resident,cuda_generic_resident,,0,0.0,0.0,0.0,425.8638122977346,2348168.525060939,,,,,,,False,False,False,False,False,False,False
4,100,exact,CPU scalar,scalar,,1,0.0,0.0,0.0,440.3496285031501,2270922.7742492496,,,,,,,False,True,False,False,False,False,False
4,100,exact,CPU OpenMP 1,openmp,,1,0.0,0.0,0.0,510.60070600916197,1958477.5113531796,,,,,,,False,False,False,False,False,False,False
4,100,surrogate,CPWA AVX2+OMP4 B128,avx2-omp4,128,4,0.00035473724273915217,0.001069512982597059,0.00166397978946764,132.408235,7552400.347304683,2043,392,,,,,True,False,False,False,True,False,False
4,100,surrogate,CPWA CUDA B128,cpwa-cuda,128,0,0.00035473724273915217,0.001069512982597059,0.00166397978946764,140.479999,7118451.075729294,2043,392,255,124,124,128,False,False,False,False,False,False,True
4,100,surrogate,CPWA AVX2 B128,avx2,128,0,0.00035473724273915217,0.001069512982597059,0.00166397978946764,184.061895,5432955.039390419,2043,392,,,,,False,False,False,True,False,False,False
4,100,surrogate,CPWA AVX2+OMP4 B96,avx2-omp4,96,4,0.0005388511769559827,0.0016295048119610246,0.002170421542860068,70.40177674777907,14204186.970771963,1308,254,,,,,True,False,False,False,True,False,False
4,100,surrogate,CPWA AVX2 B96,avx2,96,0,0.0005388511769559827,0.0016295048119610246,0.002170421542860068,122.34692234848485,8173478.995668288,1308,254,,,,,False,False,False,True,False,False,False
4,100,surrogate,CPWA CUDA B96,cpwa-cuda,96,0,0.0005388511769559827,0.0016295048119610246,0.002170421542860068,127.999997,7812500.183105473,1308,254,255,0,0,0,False,False,False,False,False,False,True
4,100,surrogate,CPWA AVX2+OMP4 B64,avx2-omp4,64,4,0.0007649175998639279,0.0019752490670838937,0.0028638087484608166,57.94162619372442,17258749.29116692,853,165,,,,,True,False,False,False,True,False,False
4,100,surrogate,CPWA AVX2 B64,avx2,64,0,0.0007649175998639279,0.0019752490670838937,0.0028638087484608166,73.56697267920094,13593056.280304473,853,165,,,,,False,False,False,True,False,False,False
4,100,surrogate,CPWA CUDA B64,cpwa-cuda,64,0,0.0007649175998639279,0.0019752490670838937,0.0028638087484608166,91.5199984,10926573.61759744,853,165,166,0,0,0,False,False,False,False,False,False,True
4,100,surrogate,CPWA AVX2+OMP4 B48,avx2-omp4,48,4,0.0011209815186800625,0.0031491536764224532,0.004336624835432179,46.22222894168466,21634612.239527214,544,109,,,,,True,False,False,False,True,False,False
4,100,surrogate,CPWA AVX2 B48,avx2,48,0,0.0011209815186800625,0.0031491536764224532,0.004336624835432179,49.74767398181099,20101442.33810058,544,109,,,,,False,False,False,True,False,False,False
4,100,surrogate,CPWA CUDA B48,cpwa-cuda,48,0,0.0011209815186800625,0.0031491536764224532,0.004336624835432179,65.2799988,15318627.732572813,544,109,122,0,0,0,False,False,False,False,False,False,True
4,100,surrogate,CPWA AVX2 B32,avx2,32,0,0.0019262178000697635,0.0056113026288327475,0.008520364643262557,22.7102645,44032952.588465005,253,58,,,,,True,False,False,True,False,False,False
4,100,surrogate,CPWA AVX2+OMP4 B32,avx2-omp4,32,4,0.0019262178000697635,0.0056113026288327475,0.008520364643262557,35.42793608312343,28226312.637962658,253,58,,,,,False,False,False,False,True,False,False
4,100,surrogate,CPWA CUDA B32,cpwa-cuda,32,0,0.0019262178000697635,0.0056113026288327475,0.008520364643262557,55.6800002,17959770.05043186,253,58,63,0,0,0,False,False,False,False,False,False,True
4,100,surrogate,CPWA AVX2 B24,avx2,24,0,0.0027697242968022133,0.008327052664090779,0.023487052580999257,13.14247,76089197.84484956,159,35,,,,,True,False,False,True,False,False,False
4,100,surrogate,CPWA AVX2+OMP4 B24,avx2-omp4,24,4,0.0027697242968022133,0.008327052664090779,0.023487052580999257,31.94831150225133,31300558.714332435,159,35,,,,,False,False,False,False,True,False,False
4,100,surrogate,CPWA CUDA B24,cpwa-cuda,24,0,0.0027697242968022133,0.008327052664090779,0.023487052580999257,52.4799991,19054878.375560034,159,35,39,0,0,0,False,False,False,False,False,False,True
4,100,surrogate,CPWA AVX2 B16,avx2,16,0,0.00715352067918386,0.034937061629210425,0.06151785896120354,6.589271907386409,151761835.6102478,78,19,,,,,True,False,False,True,False,False,False
4,100,surrogate,CPWA AVX2+OMP4 B16,avx2-omp4,16,4,0.00715352067918386,0.034937061629210425,0.06151785896120354,28.309187764990913,35324220.82546178,78,19,,,,,False,False,False,False,True,False,False
4,100,surrogate,CPWA CUDA B16,cpwa-cuda,16,0,0.00715352067918386,0.034937061629210425,0.06151785896120354,48.9600003,20424836.476155005,78,19,26,0,0,0,False,False,False,False,False,False,True
4,1000,exact,GPU fixed-composition resident,cuda_fixed_resident,,0,0.0,0.0,0.0,42.76690762026394,23382565.063604858,,,,,,,True,False,False,False,False,True,False
4,1000,exact,GPU generic resident,cuda_generic_resident,,0,0.0,0.0,0.0,43.24796673877771,23122474.31284124,,,,,,,False,False,False,False,False,False,False
4,1000,exact,CPU OpenMP 4,openmp,,4,0.0,0.0,0.0,159.04592163009403,6287492.2522426,,,,,,,False,False,True,False,False,False,False
4,1000,exact,CPU OpenMP 8,openmp,,8,0.0,0.0,0.0,207.02344228993536,4830370.845633533,,,,,,,False,False,False,False,False,False,False
4,1000,exact,CPU OpenMP 2,openmp,,2,0.0,0.0,0.0,258.7825136897001,3864248.7304960485,,,,,,,False,False,False,False,False,False,False
4,1000,exact,CPU scalar,scalar,,1,0.0,0.0,0.0,431.3614751619871,2318241.3302543415,,,,,,,False,True,False,False,False,False,False
4,1000,exact,CPU OpenMP 1,openmp,,1,0.0,0.0,0.0,497.9743193069307,2008135.683365715,,,,,,,False,False,False,False,False,False,False
4,1000,surrogate,CPWA CUDA B128,cpwa-cuda,128,0,0.00035473724273915217,0.001069512982597059,0.00166397978946764,15.04,66489361.702127665,2043,392,255,124,124,128,True,False,False,False,False,False,True
4,1000,surrogate,CPWA AVX2+OMP4 B128,avx2-omp4,128,4,0.00035473724273915217,0.001069512982597059,0.00166397978946764,47.369097077244255,21110809.82542925,2043,392,,,,,False,False,False,False,True,False,False
4,1000,surrogate,CPWA AVX2 B128,avx2,128,0,0.00035473724273915217,0.001069512982597059,0.00166397978946764,160.48603500000002,6231071.756492706,2043,392,,,,,False,False,False,True,False,False,False
4,1000,surrogate,CPWA CUDA B96,cpwa-cuda,96,0,0.0005388511769559827,0.0016295048119610246,0.002170421542860068,11.4240004,87535010.94065087,1308,254,255,0,0,0,True,False,False,False,False,False,True
4,1000,surrogate,CPWA AVX2+OMP4 B96,avx2-omp4,96,4,0.0005388511769559827,0.0016295048119610246,0.002170421542860068,30.861426886792454,32402908.772437964,1308,254,,,,,False,False,False,False,True,False,False
4,1000,surrogate,CPWA AVX2 B96,avx2,96,0,0.0005388511769559827,0.0016295048119610246,0.002170421542860068,104.50342916666666,9569063.981672373,1308,254,,,,,False,False,False,True,False,False,False
4,1000,surrogate,CPWA CUDA B64,cpwa-cuda,64,0,0.0007649175998639279,0.0019752490670838937,0.0028638087484608166,9.18400008,108885016.47312702,853,165,166,0,0,0,True,False,False,False,False,False,True
4,1000,surrogate,CPWA AVX2+OMP4 B64,avx2-omp4,64,4,0.0007649175998639279,0.0019752490670838937,0.0028638087484608166,20.8587595,47941489.521464586,853,165,,,,,False,False,False,False,True,False,False
4,1000,surrogate,CPWA AVX2 B64,avx2,64,0,0.0007649175998639279,0.0019752490670838937,0.0028638087484608166,65.02852590673575,15377866.652462723,853,165,,,,,False,False,False,True,False,False,False
4,1000,surrogate,CPWA CUDA B48,cpwa-cuda,48,0,0.0011209815186800625,0.0031491536764224532,0.004336624835432179,7.48800021,133547004.80169992,544,109,122,0,0,0,True,False,False,False,False,False,True
4,1000,surrogate,CPWA AVX2+OMP4 B48,avx2-omp4,48,4,0.0011209815186800625,0.0031491536764224532,0.004336624835432179,14.6954085,68048465.61427674,544,109,,,,,False,False,False,False,True,False,False
4,1000,surrogate,CPWA AVX2 B48,avx2,48,0,0.0011209815186800625,0.0031491536764224532,0.004336624835432179,44.674030651341,22384369.29509477,544,109,,,,,False,False,False,True,False,False,False
4,1000,surrogate,CPWA CUDA B32,cpwa-cuda,32,0,0.0019262178000697635,0.0056113026288327475,0.008520364643262557,6.01600017,166223399.55818185,253,58,63,0,0,0,True,False,False,False,False,False,True
4,1000,surrogate,CPWA AVX2+OMP4 B32,avx2-omp4,32,4,0.0019262178000697635,0.0056113026288327475,0.008520364643262557,9.519745235069886,105044827.91368091,253,58,,,,,False,False,False,False,True,False,False
4,1000,surrogate,CPWA AVX2 B32,avx2,32,0,0.0019262178000697635,0.0056113026288327475,0.008520364643262557,19.2228525,52021415.65618318,253,58,,,,,False,False,False,True,False,False,False
4,1000,surrogate,CPWA CUDA B24,cpwa-cuda,24,0,0.0027697242968022133,0.008327052664090779,0.023487052580999257,5.56800002,179597700.5043186,159,35,39,0,0,0,True,False,False,False,False,False,True
4,1000,surrogate,CPWA AVX2+OMP4 B24,avx2-omp4,24,4,0.0027697242968022133,0.008327052664090779,0.023487052580999257,5.80115591040142,172379438.76099056,159,35,,,,,False,False,False,False,True,False,False
4,1000,surrogate,CPWA AVX2 B24,avx2,24,0,0.0027697242968022133,0.008327052664090779,0.023487052580999257,11.757409981343283,85052745.5950592,159,35,,,,,False,False,False,True,False,False,False
4,1000,surrogate,CPWA AVX2+OMP4 B16,avx2-omp4,16,4,0.00715352067918386,0.034937061629210425,0.06151785896120354,4.170125804811928,239800918.91858402,78,19,,,,,True,False,False,False,True,False,False
4,1000,surrogate,CPWA CUDA B16,cpwa-cuda,16,0,0.00715352067918386,0.034937061629210425,0.06151785896120354,4.89600003,204248364.76155007,78,19,26,0,0,0,False,False,False,False,False,False,True
4,1000,surrogate,CPWA AVX2 B16,avx2,16,0,0.00715352067918386,0.034937061629210425,0.06151785896120354,5.918094923258559,168973295.11730617,78,19,,,,,False,False,False,True,False,False,False
4,10000,exact,GPU fixed-composition resident,cuda_fixed_resident,,0,0.0,0.0,0.0,26.436196452036793,37826924.22543843,,,,,,,True,False,False,False,False,True,False
4,10000,exact,GPU generic resident,cuda_generic_resident,,0,0.0,0.0,0.0,27.35911076294278,36550895.5559504,,,,,,,False,False,False,False,False,False,False
4,10000,exact,CPU OpenMP 4,openmp,,4,0.0,0.0,0.0,152.68243787878788,6549541.740968819,,,,,,,False,False,True,False,False,False,False
4,10000,exact,CPU OpenMP 8,openmp,,8,0.0,0.0,0.0,164.23380846153844,6088880.29430425,,,,,,,False,False,False,False,False,False,False
4,10000,exact,CPU OpenMP 2,openmp,,2,0.0,0.0,0.0,255.62202424242423,3912025.9804046857,,,,,,,False,False,False,False,False,False,False
4,10000,exact,CPU scalar,scalar,,1,0.0,0.0,0.0,432.98197872340427,2309564.945285669,,,,,,,False,True,False,False,False,False,False
4,10000,exact,CPU OpenMP 1,openmp,,1,0.0,0.0,0.0,495.26126097560973,2019136.3201517335,,,,,,,False,False,False,False,False,False,False
4,10000,surrogate,CPWA CUDA B128,cpwa-cuda,128,0,0.00035473724273915217,0.001069512982597059,0.00166397978946764,5.10400012,195924760.28390062,2043,392,255,124,124,128,True,False,False,False,False,False,True
4,10000,surrogate,CPWA AVX2+OMP4 B128,avx2-omp4,128,4,0.00035473724273915217,0.001069512982597059,0.00166397978946764,43.82196,22819609.163989928,2043,392,,,,,False,False,False,False,True,False,False
4,10000,surrogate,CPWA AVX2 B128,avx2,128,0,0.00035473724273915217,0.001069512982597059,0.00166397978946764,160.6937,6223019.321852692,2043,392,,,,,False,False,False,True,False,False,False
4,10000,surrogate,CPWA CUDA B96,cpwa-cuda,96,0,0.0005388511769559827,0.0016295048119610246,0.002170421542860068,3.99039984,250601453.51248813,1308,254,255,0,0,0,True,False,False,False,False,False,True
4,10000,surrogate,CPWA AVX2+OMP4 B96,avx2-omp4,96,4,0.0005388511769559827,0.0016295048119610246,0.002170421542860068,28.247906603773586,35400853.38098689,1308,254,,,,,False,False,False,False,True,False,False
4,10000,surrogate,CPWA AVX2 B96,avx2,96,0,0.0005388511769559827,0.0016295048119610246,0.002170421542860068,105.140184,9511111.374885933,1308,254,,,,,False,False,False,True,False,False,False
4,10000,surrogate,CPWA CUDA B64,cpwa-cuda,64,0,0.0007649175998639279,0.0019752490670838937,0.0028638087484608166,2.88319997,346836851.55559987,853,165,166,0,0,0,True,False,False,False,False,False,True
4,10000,surrogate,CPWA AVX2+OMP4 B64,avx2-omp4,64,4,0.0007649175998639279,0.0019752490670838937,0.0028638087484608166,18.310039,54614848.1715413,853,165,,,,,False,False,False,False,True,False,False
4,10000,surrogate,CPWA AVX2 B64,avx2,64,0,0.0007649175998639279,0.0019752490670838937,0.0028638087484608166,64.99898717948717,15384855.109182175,853,165,,,,,False,False,False,True,False,False,False
4,10000,surrogate,CPWA CUDA B48,cpwa-cuda,48,0,0.0011209815186800625,0.0031491536764224532,0.004336624835432179,1.75999999,568181821.410124,544,109,122,0,0,0,True,False,False,False,False,False,True
4,10000,surrogate,CPWA AVX2+OMP4 B48,avx2-omp4,48,4,0.0011209815186800625,0.0031491536764224532,0.004336624835432179,12.188544634146341,82044249.74565783,544,109,,,,,False,False,False,False,True,False,False
4,10000,surrogate,CPWA AVX2 B48,avx2,48,0,0.0011209815186800625,0.0031491536764224532,0.004336624835432179,44.78243157894737,22330185.40400359,544,109,,,,,False,False,False,True,False,False,False
4,10000,surrogate,CPWA CUDA B32,cpwa-cuda,32,0,0.0019262178000697635,0.0056113026288327475,0.008520364643262557,1.18079996,846883497.5231537,253,58,63,0,0,0,True,False,False,False,False,False,True
4,10000,surrogate,CPWA AVX2+OMP4 B32,avx2-omp4,32,4,0.0019262178000697635,0.0056113026288327475,0.008520364643262557,7.672660429447853,130332888.98880188,253,58,,,,,False,False,False,False,True,False,False
4,10000,surrogate,CPWA AVX2 B32,avx2,32,0,0.0019262178000697635,0.0056113026288327475,0.008520364643262557,19.227918,52007710.87124462,253,58,,,,,False,False,False,True,False,False,False
4,10000,surrogate,CPWA CUDA B24,cpwa-cuda,24,0,0.0027697242968022133,0.008327052664090779,0.023487052580999257,0.848000031,1179245239.909667,159,35,39,0,0,0,True,False,False,False,False,False,True
4,10000,surrogate,CPWA AVX2+OMP4 B24,avx2-omp4,24,4,0.0027697242968022133,0.008327052664090779,0.023487052580999257,3.4159639344262294,292743137.5729578,159,35,,,,,False,False,False,False,True,False,False
4,10000,surrogate,CPWA AVX2 B24,avx2,24,0,0.0027697242968022133,0.008327052664090779,0.023487052580999257,11.684849074074075,85580908.54752795,159,35,,,,,False,False,False,True,False,False,False
4,10000,surrogate,CPWA CUDA B16,cpwa-cuda,16,0,0.00715352067918386,0.034937061629210425,0.06151785896120354,0.630400004,1586294406.1783352,78,19,26,0,0,0,True,False,False,False,False,False,True
4,10000,surrogate,CPWA AVX2+OMP4 B16,avx2-omp4,16,4,0.00715352067918386,0.034937061629210425,0.06151785896120354,1.8859492,530236975.6300965,78,19,,,,,False,False,False,False,True,False,False
4,10000,surrogate,CPWA AVX2 B16,avx2,16,0,0.00715352067918386,0.034937061629210425,0.06151785896120354,5.922722695035461,168841266.33823648,78,19,,,,,False,False,False,True,False,False,False
4,100000,exact,GPU generic resident,cuda_generic_resident,,0,0.0,0.0,0.0,22.360148666666667,44722421.791888505,,,,,,,True,False,False,False,False,True,False
4,100000,exact,GPU fixed-composition resident,cuda_fixed_resident,,0,0.0,0.0,0.0,22.365478,44711765.15878623,,,,,,,False,False,False,False,False,False,False
4,100000,exact,CPU OpenMP 4,openmp,,4,0.0,0.0,0.0,156.875015,6374501.382517796,,,,,,,False,False,True,False,False,False,False
4,100000,exact,CPU OpenMP 8,openmp,,8,0.0,0.0,0.0,190.4738281818182,5250065.111546152,,,,,,,False,False,False,False,False,False,False
4,100000,exact,CPU OpenMP 2,openmp,,2,0.0,0.0,0.0,271.10236,3688643.6547435443,,,,,,,False,False,False,False,False,False,False
4,100000,exact,CPU scalar,scalar,,1,0.0,0.0,0.0,436.47749,2291068.8933809623,,,,,,,False,True,False,False,False,False,False
4,100000,exact,CPU OpenMP 1,openmp,,1,0.0,0.0,0.0,495.702286,2017339.8998607805,,,,,,,False,False,False,False,False,False,False
4,100000,surrogate,CPWA CUDA B128,cpwa-cuda,128,0,0.00035473724273915217,0.001069512982597059,0.00166397978946764,4.20704007,237696809.00614765,2043,392,255,124,124,128,True,False,False,False,False,False,True
4,100000,surrogate,CPWA AVX2+OMP4 B128,avx2-omp4,128,4,0.00035473724273915217,0.001069512982597059,0.00166397978946764,43.6853575,22890965.239325326,2043,392,,,,,False,False,False,False,True,False,False
4,100000,surrogate,CPWA AVX2 B128,avx2,128,0,0.00035473724273915217,0.001069512982597059,0.00166397978946764,159.86464499999997,6255291.781369171,2043,392,,,,,False,False,False,True,False,False,False
4,100000,surrogate,CPWA CUDA B96,cpwa-cuda,96,0,0.0005388511769559827,0.0016295048119610246,0.002170421542860068,3.20255995,312250204.71513736,1308,254,255,0,0,0,True,False,False,False,False,False,True
4,100000,surrogate,CPWA AVX2+OMP4 B96,avx2-omp4,96,4,0.0005388511769559827,0.0016295048119610246,0.002170421542860068,28.320912,35309597.374547824,1308,254,,,,,False,False,False,False,True,False,False
4,100000,surrogate,CPWA AVX2 B96,avx2,96,0,0.0005388511769559827,0.0016295048119610246,0.002170421542860068,104.59603333333334,9560592.00460438,1308,254,,,,,False,False,False,True,False,False,False
4,100000,surrogate,CPWA CUDA B64,cpwa-cuda,64,0,0.0007649175998639279,0.0019752490670838937,0.0028638087484608166,2.26815999,440886006.4584774,853,165,166,0,0,0,True,False,False,False,False,False,True
4,100000,surrogate,CPWA AVX2+OMP4 B64,avx2-omp4,64,4,0.0007649175998639279,0.0019752490670838937,0.0028638087484608166,25.944311,38544095.46663236,853,165,,,,,False,False,False,False,True,False,False
4,100000,surrogate,CPWA AVX2 B64,avx2,64,0,0.0007649175998639279,0.0019752490670838937,0.0028638087484608166,65.154205,15348203.542656992,853,165,,,,,False,False,False,True,False,False,False
4,100000,surrogate,CPWA CUDA B48,cpwa-cuda,48,0,0.0011209815186800625,0.0031491536764224532,0.004336624835432179,1.30592003,765743672.6810906,544,109,122,0,0,0,True,False,False,False,False,False,True
4,100000,surrogate,CPWA AVX2+OMP4 B48,avx2-omp4,48,4,0.0011209815186800625,0.0031491536764224532,0.004336624835432179,11.856740952380953,84340208.15805966,544,109,,,,,False,False,False,False,True,False,False
4,100000,surrogate,CPWA AVX2 B48,avx2,48,0,0.0011209815186800625,0.0031491536764224532,0.004336624835432179,45.27159666666667,22088905.04487766,544,109,,,,,False,False,False,True,False,False,False
4,100000,surrogate,CPWA CUDA B32,cpwa-cuda,32,0,0.0019262178000697635,0.0056113026288327475,0.008520364643262557,0.622400008,1606683783.975787,253,58,63,0,0,0,True,False,False,False,False,False,True
4,100000,surrogate,CPWA AVX2+OMP4 B32,avx2-omp4,32,4,0.0019262178000697635,0.0056113026288327475,0.008520364643262557,5.224871509433962,191392266.43074623,253,58,,,,,False,False,False,False,True,False,False
4,100000,surrogate,CPWA AVX2 B32,avx2,32,0,0.0019262178000697635,0.0056113026288327475,0.008520364643262557,19.443481,51431119.76708286,253,58,,,,,False,False,False,True,False,False,False
4,100000,surrogate,CPWA CUDA B24,cpwa-cuda,24,0,0.0027697242968022133,0.008327052664090779,0.023487052580999257,0.413120016,2420604089.0548377,159,35,39,0,0,0,True,False,False,False,False,False,True
4,100000,surrogate,CPWA AVX2+OMP4 B24,avx2-omp4,24,4,0.0027697242968022133,0.008327052664090779,0.023487052580999257,3.1868041139240506,313793996.8229351,159,35,,,,,False,False,False,False,True,False,False
4,100000,surrogate,CPWA AVX2 B24,avx2,24,0,0.0027697242968022133,0.008327052664090779,0.023487052580999257,11.735377727272727,85212425.4744715,159,35,,,,,False,False,False,True,False,False,False
4,100000,surrogate,CPWA CUDA B16,cpwa-cuda,16,0,0.00715352067918386,0.034937061629210425,0.06151785896120354,0.218880009,4568713262.434122,78,19,26,0,0,0,True,False,False,False,False,False,True
4,100000,surrogate,CPWA AVX2+OMP4 B16,avx2-omp4,16,4,0.00715352067918386,0.034937061629210425,0.06151785896120354,1.68279195,594250525.1466172,78,19,,,,,False,False,False,False,True,False,False
4,100000,surrogate,CPWA AVX2 B16,avx2,16,0,0.00715352067918386,0.034937061629210425,0.06151785896120354,6.216770731707317,160855216.18156394,78,19,,,,,False,False,False,True,False,False,False
4,1000000,exact,GPU fixed-composition resident,cuda_fixed_resident,,0,0.0,0.0,0.0,21.9412993,45576152.365780815,,,,,,,True,False,False,False,False,True,False
4,1000000,exact,GPU generic resident,cuda_generic_resident,,0,0.0,0.0,0.0,21.944729625,45569028.05768791,,,,,,,False,False,False,False,False,False,False
4,1000000,exact,CPU OpenMP 4,openmp,,4,0.0,0.0,0.0,146.6155045,6820561.054646169,,,,,,,False,False,True,False,False,False,False
4,1000000,exact,CPU OpenMP 8,openmp,,8,0.0,0.0,0.0,157.333621,6355920.582289274,,,,,,,False,False,False,False,False,False,False
4,1000000,exact,CPU OpenMP 2,openmp,,2,0.0,0.0,0.0,263.70864300000005,3792063.8042948022,,,,,,,False,False,False,False,False,False,False
4,1000000,exact,CPU scalar,scalar,,1,0.0,0.0,0.0,446.695341,2238662.256385611,,,,,,,False,True,False,False,False,False,False
4,1000000,exact,CPU OpenMP 1,openmp,,1,0.0,0.0,0.0,497.257506,2011030.478039682,,,,,,,False,False,False,False,False,False,False
4,1000000,surrogate,CPWA CUDA B128,cpwa-cuda,128,0,0.00035473724273915217,0.001069512982597059,0.00166397978946764,4.19184017,238558713.9406606,2043,392,255,124,124,128,True,False,False,False,False,False,True
4,1000000,surrogate,CPWA AVX2+OMP4 B128,avx2-omp4,128,4,0.00035473724273915217,0.001069512982597059,0.00166397978946764,42.938911,23288899.897810638,2043,392,,,,,False,False,False,False,True,False,False
4,1000000,surrogate,CPWA AVX2 B128,avx2,128,0,0.00035473724273915217,0.001069512982597059,0.00166397978946764,160.628399,6225549.194448486,2043,392,,,,,False,False,False,True,False,False,False
4,1000000,surrogate,CPWA CUDA B96,cpwa-cuda,96,0,0.0005388511769559827,0.0016295048119610246,0.002170421542860068,3.21366405,311171293.71379066,1308,254,255,0,0,0,True,False,False,False,False,False,True
4,1000000,surrogate,CPWA AVX2+OMP4 B96,avx2-omp4,96,4,0.0005388511769559827,0.0016295048119610246,0.002170421542860068,28.698978,34844446.37714974,1308,254,,,,,False,False,False,False,True,False,False
4,1000000,surrogate,CPWA AVX2 B96,avx2,96,0,0.0005388511769559827,0.0016295048119610246,0.002170421542860068,104.370627,9581239.748612413,1308,254,,,,,False,False,False,True,False,False,False
4,1000000,surrogate,CPWA CUDA B64,cpwa-cuda,64,0,0.0007649175998639279,0.0019752490670838937,0.0028638087484608166,2.2934401,436026212.32619065,853,165,166,0,0,0,True,False,False,False,False,False,True
4,1000000,surrogate,CPWA AVX2+OMP4 B64,avx2-omp4,64,4,0.0007649175998639279,0.0019752490670838937,0.0028638087484608166,17.43858,57344118.61516247,853,165,,,,,False,False,False,False,True,False,False
4,1000000,surrogate,CPWA AVX2 B64,avx2,64,0,0.0007649175998639279,0.0019752490670838937,0.0028638087484608166,65.46699,15274873.642426513,853,165,,,,,False,False,False,True,False,False,False
4,1000000,surrogate,CPWA CUDA B48,cpwa-cuda,48,0,0.0011209815186800625,0.0031491536764224532,0.004336624835432179,1.26489604,790578805.1957219,544,109,122,0,0,0,True,False,False,False,False,False,True
4,1000000,surrogate,CPWA AVX2+OMP4 B48,avx2-omp4,48,4,0.0011209815186800625,0.0031491536764224532,0.004336624835432179,11.872662333333333,84227106.93897441,544,109,,,,,False,False,False,False,True,False,False
4,1000000,surrogate,CPWA AVX2 B48,avx2,48,0,0.0011209815186800625,0.0031491536764224532,0.004336624835432179,44.542266,22450586.59566175,544,109,,,,,False,False,False,True,False,False,False
4,1000000,surrogate,CPWA CUDA B32,cpwa-cuda,32,0,0.0019262178000697635,0.0056113026288327475,0.008520364643262557,0.588927984,1698000480.8194,253,58,63,0,0,0,True,False,False,False,False,False,True
4,1000000,surrogate,CPWA AVX2+OMP4 B32,avx2-omp4,32,4,0.0019262178000697635,0.0056113026288327475,0.008520364643262557,5.165766666666666,193582107.85104504,253,58,,,,,False,False,False,False,True,False,False
4,1000000,surrogate,CPWA AVX2 B32,avx2,32,0,0.0019262178000697635,0.0056113026288327475,0.008520364643262557,19.512987,51247920.167219914,253,58,,,,,False,False,False,True,False,False,False
4,1000000,surrogate,CPWA CUDA B24,cpwa-cuda,24,0,0.0027697242968022133,0.008327052664090779,0.023487052580999257,0.369055986,2709615987.640423,159,35,39,0,0,0,True,False,False,False,False,False,True
4,1000000,surrogate,CPWA AVX2+OMP4 B24,avx2-omp4,24,4,0.0027697242968022133,0.008327052664090779,0.023487052580999257,3.2057839999999995,311936175.3630314,159,35,,,,,False,False,False,False,True,False,False
4,1000000,surrogate,CPWA AVX2 B24,avx2,24,0,0.0027697242968022133,0.008327052664090779,0.023487052580999257,11.982533333333333,83454806.4404856,159,35,,,,,False,False,False,True,False,False,False
4,1000000,surrogate,CPWA CUDA B16,cpwa-cuda,16,0,0.00715352067918386,0.034937061629210425,0.06151785896120354,0.184896007,5408445624.247581,78,19,26,0,0,0,True,False,False,False,False,False,True
4,1000000,surrogate,CPWA AVX2+OMP4 B16,avx2-omp4,16,4,0.00715352067918386,0.034937061629210425,0.06151785896120354,1.7728039,564078181.4615818,78,19,,,,,False,False,False,False,True,False,False
4,1000000,surrogate,CPWA AVX2 B16,avx2,16,0,0.00715352067918386,0.034937061629210425,0.06151785896120354,6.35080425,157460372.04657975,78,19,,,,,False,False,False,True,False,False,False
5,100,exact,CPU OpenMP 4,openmp,,4,0.0,0.0,0.0,246.35144572526417,4059241.450992819,,,,,,,True,False,True,False,False,False,False
5,100,exact,CPU OpenMP 8,openmp,,8,0.0,0.0,0.0,320.31618686296713,3121915.285623093,,,,,,,False,False,False,False,False,False,False
5,100,exact,CPU OpenMP 2,openmp,,2,0.0,0.0,0.0,356.61786313088106,2804122.0123429247,,,,,,,False,False,False,False,False,False,False
5,100,exact,CPU scalar,scalar,,1,0.0,0.0,0.0,536.7280114672922,1863141.0670485182,,,,,,,False,True,False,False,False,False,False
5,100,exact,GPU fixed-composition resident,cuda_fixed_resident,,0,0.0,0.0,0.0,537.8950856072767,1859098.5988857155,,,,,,,False,False,False,False,False,True,False
5,100,exact,GPU generic resident,cuda_generic_resident,,0,0.0,0.0,0.0,542.3082054054055,1843969.886556381,,,,,,,False,False,False,False,False,False,False
5,100,exact,CPU OpenMP 1,openmp,,1,0.0,0.0,0.0,610.2107300884956,1638778.1313759845,,,,,,,False,False,False,False,False,False,False
5,100,surrogate,CPWA AVX2+OMP4 B128,avx2-omp4,128,4,0.00035934251615852214,0.0010121813938903498,0.0018352479098073804,105.93964862681744,9439336.574756783,2193,500,,,,,True,False,False,False,True,False,False
5,100,surrogate,CPWA AVX2 B128,avx2,128,0,0.00035934251615852214,0.0010121813938903498,0.0018352479098073804,194.231525,5148494.818233034,2193,500,,,,,False,False,False,True,False,False,False
5,100,surrogate,CPWA CUDA B128,cpwa-cuda,128,0,0.00035934251615852214,0.0010121813938903498,0.0018352479098073804,334.080011,2993294.9205991253,2193,500,255,724,724,728,False,False,False,False,False,False,True
5,100,surrogate,CPWA AVX2+OMP4 B96,avx2-omp4,96,4,0.000591866530543988,0.0017202803445622822,0.002427864920033551,74.26887437572033,13464590.764377005,1390,319,,,,,True,False,False,False,True,False,False
5,100,surrogate,CPWA AVX2 B96,avx2,96,0,0.000591866530543988,0.0017202803445622822,0.002427864920033551,123.92396049382717,8069464.500771918,1390,319,,,,,False,False,False,True,False,False,False
5,100,surrogate,CPWA CUDA B96,cpwa-cuda,96,0,0.000591866530543988,0.0017202803445622822,0.002427864920033551,134.079996,7458234.112715815,1390,319,255,156,156,160,False,False,False,False,False,False,True
5,100,surrogate,CPWA AVX2+OMP4 B64,avx2-omp4,64,4,0.0008505023632200023,0.0022289569339455743,0.0031782146168994885,56.4611494510419,17711293.689957753,864,173,,,,,True,False,False,False,True,False,False
5,100,surrogate,CPWA AVX2 B64,avx2,64,0,0.0008505023632200023,0.0022289569339455743,0.0031782146168994885,82.01359651849549,12193100.198629659,864,173,,,,,False,False,False,True,False,False,False
5,100,surrogate,CPWA CUDA B64,cpwa-cuda,64,0,0.0008505023632200023,0.0022289569339455743,0.0031782146168994885,94.4000017,10593220.148215314,864,173,165,0,0,0,False,False,False,False,False,False,True
5,100,surrogate,CPWA AVX2+OMP4 B48,avx2-omp4,48,4,0.0012100200205791961,0.003385956509791243,0.004627670339193868,48.277272302662304,20713680.626584485,559,120,,,,,True,False,False,False,True,False,False
5,100,surrogate,CPWA AVX2 B48,avx2,48,0,0.0012100200205791961,0.003385956509791243,0.004627670339193868,53.38521434917814,18731778.3058671,559,120,,,,,False,False,False,True,False,False,False
5,100,surrogate,CPWA CUDA B48,cpwa-cuda,48,0,0.0012100200205791961,0.003385956509791243,0.004627670339193868,65.6000013,15243902.136934865,559,120,126,0,0,0,False,False,False,False,False,False,True
5,100,surrogate,CPWA AVX2 B32,avx2,32,0,0.0021009749152809407,0.006262980916710393,0.009118224686061605,22.623123,44202562.13078981,264,59,,,,,True,False,False,True,False,False,False
5,100,surrogate,CPWA AVX2+OMP4 B32,avx2-omp4,32,4,0.0021009749152809407,0.006262980916710393,0.009118224686061605,34.58033686359576,28918168.262633204,264,59,,,,,False,False,False,False,True,False,False
5,100,surrogate,CPWA CUDA B32,cpwa-cuda,32,0,0.0021009749152809407,0.006262980916710393,0.009118224686061605,59.8399993,16711230.14200971,264,59,62,0,0,0,False,False,False,False,False,False,True
5,100,surrogate,CPWA AVX2 B24,avx2,24,0,0.0029718217173072673,0.008577599747621302,0.025477907083690132,13.555414,73771262.16875412,165,39,,,,,True,False,False,True,False,False,False
5,100,surrogate,CPWA AVX2+OMP4 B24,avx2-omp4,24,4,0.0029718217173072673,0.008577599747621302,0.025477907083690132,30.27277563129571,33032980.26515314,165,39,,,,,False,False,False,False,True,False,False
5,100,surrogate,CPWA CUDA B24,cpwa-cuda,24,0,0.0029718217173072673,0.008577599747621302,0.025477907083690132,53.4400018,18712574.2200106,165,39,40,0,0,0,False,False,False,False,False,False,True
5,100,surrogate,CPWA AVX2 B16,avx2,16,0,0.0077713676770929385,0.03788567286468034,0.06679920348434609,7.344445259759319,136157322.25265035,82,20,,,,,True,False,False,True,False,False,False
5,100,surrogate,CPWA AVX2+OMP4 B16,avx2-omp4,16,4,0.0077713676770929385,0.03788567286468034,0.06679920348434609,28.430289339499584,35173753.88124001,82,20,,,,,False,False,False,False,True,False,False
5,100,surrogate,CPWA CUDA B16,cpwa-cuda,16,0,0.0077713676770929385,0.03788567286468034,0.06679920348434609,50.2400007,19904458.321394887,82,20,26,0,0,0,False,False,False,False,False,False,True
5,1000,exact,GPU fixed-composition resident,cuda_fixed_resident,,0,0.0,0.0,0.0,54.899499026425595,18215102.464207463,,,,,,,True,False,False,False,False,True,False
5,1000,exact,GPU generic resident,cuda_generic_resident,,0,0.0,0.0,0.0,56.08462430555556,17830198.782323718,,,,,,,False,False,False,False,False,False,False
5,1000,exact,CPU OpenMP 4,openmp,,4,0.0,0.0,0.0,286.14220625889044,3494765.812685593,,,,,,,False,False,True,False,False,False,False
5,1000,exact,CPU OpenMP 2,openmp,,2,0.0,0.0,0.0,316.4149014084507,3160407.413016018,,,,,,,False,False,False,False,False,False,False
5,1000,exact,CPU scalar,scalar,,1,0.0,0.0,0.0,517.5207247191012,1932289.7658693339,,,,,,,False,True,False,False,False,False,False
5,1000,exact,CPU OpenMP 1,openmp,,1,0.0,0.0,0.0,581.5300974212034,1719601.4521595743,,,,,,,False,False,False,False,False,False,False
5,1000,exact,CPU OpenMP 8,openmp,,8,0.0,0.0,0.0,6142.51704,162799.71117507882,,,,,,,False,False,False,False,False,False,False
5,1000,surrogate,CPWA CUDA B128,cpwa-cuda,128,0,0.00035934251615852214,0.0010121813938903498,0.0018352479098073804,33.7279998,29648956.532548368,2193,500,255,724,724,728,True,False,False,False,False,False,True
5,1000,surrogate,CPWA AVX2+OMP4 B128,avx2-omp4,128,4,0.00035934251615852214,0.0010121813938903498,0.0018352479098073804,50.54151802656546,19785713.58846767,2193,500,,,,,False,False,False,False,True,False,False
5,1000,surrogate,CPWA AVX2 B128,avx2,128,0,0.00035934251615852214,0.0010121813938903498,0.0018352479098073804,168.33099,5940676.758331902,2193,500,,,,,False,False,False,True,False,False,False
5,1000,surrogate,CPWA CUDA B96,cpwa-cuda,96,0,0.000591866530543988,0.0017202803445622822,0.002427864920033551,13.3760003,74760763.87348765,1390,319,255,156,156,160,True,False,False,False,False,False,True
5,1000,surrogate,CPWA AVX2+OMP4 B96,avx2-omp4,96,4,0.000591866530543988,0.0017202803445622822,0.002427864920033551,32.475035953177255,30792883.53804465,1390,319,,,,,False,False,False,False,True,False,False
5,1000,surrogate,CPWA AVX2 B96,avx2,96,0,0.000591866530543988,0.0017202803445622822,0.002427864920033551,108.13548927038627,9247657.79252693,1390,319,,,,,False,False,False,True,False,False,False
5,1000,surrogate,CPWA CUDA B64,cpwa-cuda,64,0,0.0008505023632200023,0.0022289569339455743,0.0031782146168994885,9.21600033,108506940.55910477,864,173,165,0,0,0,True,False,False,False,False,False,True
5,1000,surrogate,CPWA AVX2+OMP4 B64,avx2-omp4,64,4,0.0008505023632200023,0.0022289569339455743,0.0031782146168994885,21.316678,46911624.78506266,864,173,,,,,False,False,False,False,True,False,False
5,1000,surrogate,CPWA AVX2 B64,avx2,64,0,0.0008505023632200023,0.0022289569339455743,0.0031782146168994885,68.20106887052341,14662526.798494227,864,173,,,,,False,False,False,True,False,False,False
5,1000,surrogate,CPWA CUDA B48,cpwa-cuda,48,0,0.0012100200205791961,0.003385956509791243,0.004627670339193868,7.58400001,131856539.91052672,559,120,126,0,0,0,True,False,False,False,False,False,True
5,1000,surrogate,CPWA AVX2+OMP4 B48,avx2-omp4,48,4,0.0012100200205791961,0.003385956509791243,0.004627670339193868,14.359777,69638964.44909973,559,120,,,,,False,False,False,False,True,False,False
5,1000,surrogate,CPWA AVX2 B48,avx2,48,0,0.0012100200205791961,0.003385956509791243,0.004627670339193868,48.22746365422397,20735073.425583635,559,120,,,,,False,False,False,True,False,False,False
5,1000,surrogate,CPWA CUDA B32,cpwa-cuda,32,0,0.0021009749152809407,0.006262980916710393,0.009118224686061605,6.20799977,161082480.19474396,264,59,62,0,0,0,True,False,False,False,False,False,True
5,1000,surrogate,CPWA AVX2+OMP4 B32,avx2-omp4,32,4,0.0021009749152809407,0.006262980916710393,0.009118224686061605,9.801024781341107,102030147.08255504,264,59,,,,,False,False,False,False,True,False,False
5,1000,surrogate,CPWA AVX2 B32,avx2,32,0,0.0021009749152809407,0.006262980916710393,0.009118224686061605,20.1119195,49721758.28368844,264,59,,,,,False,False,False,True,False,False,False
5,1000,surrogate,CPWA CUDA B24,cpwa-cuda,24,0,0.0029718217173072673,0.008577599747621302,0.025477907083690132,5.72799984,174581010.46315673,165,39,40,0,0,0,True,False,False,False,False,False,True
5,1000,surrogate,CPWA AVX2+OMP4 B24,avx2-omp4,24,4,0.0029718217173072673,0.008577599747621302,0.025477907083690132,7.461667075736325,134018308.48923516,165,39,,,,,False,False,False,False,True,False,False
5,1000,surrogate,CPWA AVX2 B24,avx2,24,0,0.0029718217173072673,0.008577599747621302,0.025477907083690132,12.091220404234841,82704637.46155508,165,39,,,,,False,False,False,True,False,False,False
5,1000,surrogate,CPWA AVX2+OMP4 B16,avx2-omp4,16,4,0.0077713676770929385,0.03788567286468034,0.06679920348434609,4.36156014842941,229275755.91502464,82,20,,,,,True,False,False,False,True,False,False
5,1000,surrogate,CPWA CUDA B16,cpwa-cuda,16,0,0.0077713676770929385,0.03788567286468034,0.06679920348434609,5.15200011,194099374.73778507,82,20,26,0,0,0,False,False,False,False,False,False,True
5,1000,surrogate,CPWA AVX2 B16,avx2,16,0,0.0077713676770929385,0.03788567286468034,0.06679920348434609,6.613386074197121,151208471.54253006,82,20,,,,,False,False,False,True,False,False,False
5,10000,exact,GPU fixed-composition resident,cuda_fixed_resident,,0,0.0,0.0,0.0,33.694916666666664,29678067.166412342,,,,,,,True,False,False,False,False,True,False
5,10000,exact,GPU generic resident,cuda_generic_resident,,0,0.0,0.0,0.0,35.01586544502618,28558483.055915583,,,,,,,False,False,False,False,False,False,False
5,10000,exact,CPU OpenMP 4,openmp,,4,0.0,0.0,0.0,292.2316436619719,3421942.9062128295,,,,,,,False,False,True,False,False,False,False
5,10000,exact,CPU OpenMP 2,openmp,,2,0.0,0.0,0.0,355.0573694444445,2816446.259275486,,,,,,,False,False,False,False,False,False,False
5,10000,exact,CPU OpenMP 8,openmp,,8,0.0,0.0,0.0,629.1880964285715,1589349.839382292,,,,,,,False,False,False,False,False,False,False
5,10000,exact,CPU scalar,scalar,,1,0.0,0.0,0.0,666.5097642857144,1500353.1134636574,,,,,,,False,True,False,False,False,False,False
5,10000,exact,CPU OpenMP 1,openmp,,1,0.0,0.0,0.0,680.5969866666666,1469298.3066199883,,,,,,,False,False,False,False,False,False,False
5,10000,surrogate,CPWA CUDA B128,cpwa-cuda,128,0,0.00035934251615852214,0.0010121813938903498,0.0018352479098073804,15.8559993,63067611.260552965,2193,500,255,724,724,728,True,False,False,False,False,False,True
5,10000,surrogate,CPWA AVX2+OMP4 B128,avx2-omp4,128,4,0.00035934251615852214,0.0010121813938903498,0.0018352479098073804,46.10284561403509,21690635.07211299,2193,500,,,,,False,False,False,False,True,False,False
5,10000,surrogate,CPWA AVX2 B128,avx2,128,0,0.00035934251615852214,0.0010121813938903498,0.0018352479098073804,177.01103,5649365.46609553,2193,500,,,,,False,False,False,True,False,False,False
5,10000,surrogate,CPWA CUDA B96,cpwa-cuda,96,0,0.000591866530543988,0.0017202803445622822,0.002427864920033551,4.88959998,204515707.64281622,1390,319,255,156,156,160,True,False,False,False,False,False,True
5,10000,surrogate,CPWA AVX2+OMP4 B96,avx2-omp4,96,4,0.000591866530543988,0.0017202803445622822,0.002427864920033551,29.981044943820226,33354407.8224706,1390,319,,,,,False,False,False,False,True,False,False
5,10000,surrogate,CPWA AVX2 B96,avx2,96,0,0.000591866530543988,0.0017202803445622822,0.002427864920033551,107.84087916666667,9272921.43505723,1390,319,,,,,False,False,False,True,False,False,False
5,10000,surrogate,CPWA CUDA B64,cpwa-cuda,64,0,0.0008505023632200023,0.0022289569339455743,0.0031782146168994885,2.92799994,341530061.6433756,864,173,165,0,0,0,True,False,False,False,False,False,True
5,10000,surrogate,CPWA AVX2+OMP4 B64,avx2-omp4,64,4,0.0008505023632200023,0.0022289569339455743,0.0031782146168994885,18.809844,53163651.96861814,864,173,,,,,False,False,False,False,True,False,False
5,10000,surrogate,CPWA AVX2 B64,avx2,64,0,0.0008505023632200023,0.0022289569339455743,0.0031782146168994885,67.95529189189189,14715557.422531141,864,173,,,,,False,False,False,True,False,False,False
5,10000,surrogate,CPWA CUDA B48,cpwa-cuda,48,0,0.0012100200205791961,0.003385956509791243,0.004627670339193868,1.83039997,546328680.282922,559,120,126,0,0,0,True,False,False,False,False,False,True
5,10000,surrogate,CPWA AVX2+OMP4 B48,avx2-omp4,48,4,0.0012100200205791961,0.003385956509791243,0.004627670339193868,16.054696116504857,62287071.19357811,559,120,,,,,False,False,False,False,True,False,False
5,10000,surrogate,CPWA AVX2 B48,avx2,48,0,0.0012100200205791961,0.003385956509791243,0.004627670339193868,46.53604385964912,21488719.64741912,559,120,,,,,False,False,False,True,False,False,False
5,10000,surrogate,CPWA CUDA B32,cpwa-cuda,32,0,0.0021009749152809407,0.006262980916710393,0.009118224686061605,1.20320003,831117000.5539311,264,59,62,0,0,0,True,False,False,False,False,False,True
5,10000,surrogate,CPWA AVX2+OMP4 B32,avx2-omp4,32,4,0.0021009749152809407,0.006262980916710393,0.009118224686061605,7.304379521276596,136904167.84713134,264,59,,,,,False,False,False,False,True,False,False
5,10000,surrogate,CPWA AVX2 B32,avx2,32,0,0.0021009749152809407,0.006262980916710393,0.009118224686061605,20.1268,49684997.118270166,264,59,,,,,False,False,False,True,False,False,False
5,10000,surrogate,CPWA CUDA B24,cpwa-cuda,24,0,0.0029718217173072673,0.008577599747621302,0.025477907083690132,0.899199955,1112099699.7825694,165,39,40,0,0,0,True,False,False,False,False,False,True
5,10000,surrogate,CPWA AVX2+OMP4 B24,avx2-omp4,24,4,0.0029718217173072673,0.008577599747621302,0.025477907083690132,5.53848085106383,180554925.96095556,165,39,,,,,False,False,False,False,True,False,False
5,10000,surrogate,CPWA AVX2 B24,avx2,24,0,0.0029718217173072673,0.008577599747621302,0.025477907083690132,12.067280434782608,82868713.07951127,165,39,,,,,False,False,False,True,False,False,False
5,10000,surrogate,CPWA CUDA B16,cpwa-cuda,16,0,0.0077713676770929385,0.03788567286468034,0.06679920348434609,0.675200019,1481042612.3521776,82,20,26,0,0,0,True,False,False,False,False,False,True
5,10000,surrogate,CPWA AVX2+OMP4 B16,avx2-omp4,16,4,0.0077713676770929385,0.03788567286468034,0.06679920348434609,2.0319672552976793,492133914.75321877,82,20,,,,,False,False,False,False,True,False,False
5,10000,surrogate,CPWA AVX2 B16,avx2,16,0,0.0077713676770929385,0.03788567286468034,0.06679920348434609,6.593790052356021,151657846.5586254,82,20,,,,,False,False,False,True,False,False,False
5,100000,exact,GPU generic resident,cuda_generic_resident,,0,0.0,0.0,0.0,28.621366285714288,34938933.0340644,,,,,,,True,False,False,False,False,True,False
5,100000,exact,GPU fixed-composition resident,cuda_fixed_resident,,0,0.0,0.0,0.0,28.63501436619718,34922280.36667135,,,,,,,False,False,False,False,False,False,False
5,100000,exact,CPU OpenMP 4,openmp,,4,0.0,0.0,0.0,303.47161800000003,3295201.068852508,,,,,,,False,False,True,False,False,False,False
5,100000,exact,CPU OpenMP 8,openmp,,8,0.0,0.0,0.0,313.65734399999997,3188192.526427821,,,,,,,False,False,False,False,False,False,False
5,100000,exact,CPU OpenMP 2,openmp,,2,0.0,0.0,0.0,371.79742285714286,2689636.717531078,,,,,,,False,False,False,False,False,False,False
5,100000,exact,CPU scalar,scalar,,1,0.0,0.0,0.0,510.736085,1957958.3847105694,,,,,,,False,True,False,False,False,False,False
5,100000,exact,CPU OpenMP 1,openmp,,1,0.0,0.0,0.0,579.2386225,1726404.2160793585,,,,,,,False,False,False,False,False,False,False
5,100000,surrogate,CPWA CUDA B128,cpwa-cuda,128,0,0.00035934251615852214,0.0010121813938903498,0.0018352479098073804,14.9264002,66995389.8194422,2193,500,255,724,724,728,True,False,False,False,False,False,True
5,100000,surrogate,CPWA AVX2+OMP4 B128,avx2-omp4,128,4,0.00035934251615852214,0.0010121813938903498,0.0018352479098073804,45.61368,21923247.58712737,2193,500,,,,,False,False,False,False,True,False,False
5,100000,surrogate,CPWA AVX2 B128,avx2,128,0,0.00035934251615852214,0.0010121813938903498,0.0018352479098073804,167.45450499999998,5971771.258109778,2193,500,,,,,False,False,False,True,False,False,False
5,100000,surrogate,CPWA CUDA B96,cpwa-cuda,96,0,0.000591866530543988,0.0017202803445622822,0.002427864920033551,4.07775998,245232677.96649474,1390,319,255,156,156,160,True,False,False,False,False,False,True
5,100000,surrogate,CPWA AVX2+OMP4 B96,avx2-omp4,96,4,0.000591866530543988,0.0017202803445622822,0.002427864920033551,29.061766,34409471.19318213,1390,319,,,,,False,False,False,False,True,False,False
5,100000,surrogate,CPWA AVX2 B96,avx2,96,0,0.000591866530543988,0.0017202803445622822,0.002427864920033551,107.52215,9300409.264509685,1390,319,,,,,False,False,False,True,False,False,False
5,100000,surrogate,CPWA CUDA B64,cpwa-cuda,64,0,0.0008505023632200023,0.0022289569339455743,0.0031782146168994885,2.31135994,432645726.30777705,864,173,165,0,0,0,True,False,False,False,False,False,True
5,100000,surrogate,CPWA AVX2+OMP4 B64,avx2-omp4,64,4,0.0008505023632200023,0.0022289569339455743,0.0031782146168994885,18.1339685,55145127.2235308,864,173,,,,,False,False,False,False,True,False,False
5,100000,surrogate,CPWA AVX2 B64,avx2,64,0,0.0008505023632200023,0.0022289569339455743,0.0031782146168994885,68.1922975,14664412.795301406,864,173,,,,,False,False,False,True,False,False,False
5,100000,surrogate,CPWA CUDA B48,cpwa-cuda,48,0,0.0012100200205791961,0.003385956509791243,0.004627670339193868,1.36160001,734430076.8622937,559,120,126,0,0,0,True,False,False,False,False,False,True
5,100000,surrogate,CPWA AVX2+OMP4 B48,avx2-omp4,48,4,0.0012100200205791961,0.003385956509791243,0.004627670339193868,14.7840005,67640690.35306107,559,120,,,,,False,False,False,False,True,False,False
5,100000,surrogate,CPWA AVX2 B48,avx2,48,0,0.0012100200205791961,0.003385956509791243,0.004627670339193868,43.950745,22752742.8715941,559,120,,,,,False,False,False,True,False,False,False
5,100000,surrogate,CPWA CUDA B32,cpwa-cuda,32,0,0.0021009749152809407,0.006262980916710393,0.009118224686061605,0.64447999,1551638554.3638058,264,59,62,0,0,0,True,False,False,False,False,False,True
5,100000,surrogate,CPWA AVX2+OMP4 B32,avx2-omp4,32,4,0.0021009749152809407,0.006262980916710393,0.009118224686061605,7.500913414634146,133317096.82837,264,59,,,,,False,False,False,False,True,False,False
5,100000,surrogate,CPWA AVX2 B32,avx2,32,0,0.0021009749152809407,0.006262980916710393,0.009118224686061605,20.20172,49500735.58093073,264,59,,,,,False,False,False,True,False,False,False
5,100000,surrogate,CPWA CUDA B24,cpwa-cuda,24,0,0.0029718217173072673,0.008577599747621302,0.025477907083690132,0.438719988,2279358195.0955014,165,39,40,0,0,0,True,False,False,False,False,False,True
5,100000,surrogate,CPWA AVX2+OMP4 B24,avx2-omp4,24,4,0.0029718217173072673,0.008577599747621302,0.025477907083690132,3.2945287692307694,303533546.0838872,165,39,,,,,False,False,False,False,True,False,False
5,100000,surrogate,CPWA AVX2 B24,avx2,24,0,0.0029718217173072673,0.008577599747621302,0.025477907083690132,12.149033333333334,82311075.50394955,165,39,,,,,False,False,False,True,False,False,False
5,100000,surrogate,CPWA CUDA B16,cpwa-cuda,16,0,0.0077713676770929385,0.03788567286468034,0.06679920348434609,0.249920003,4001280361.70038,82,20,26,0,0,0,True,False,False,False,False,False,True
5,100000,surrogate,CPWA AVX2+OMP4 B16,avx2-omp4,16,4,0.0077713676770929385,0.03788567286468034,0.06679920348434609,1.82493615,547964376.7262762,82,20,,,,,False,False,False,False,True,False,False
5,100000,surrogate,CPWA AVX2 B16,avx2,16,0,0.0077713676770929385,0.03788567286468034,0.06679920348434609,6.731646842105263,148552059.17000523,82,20,,,,,False,False,False,True,False,False,False
5,1000000,exact,GPU fixed-composition resident,cuda_fixed_resident,,0,0.0,0.0,0.0,28.07033575,35624796.543447115,,,,,,,True,False,False,False,False,True,False
5,1000000,exact,GPU generic resident,cuda_generic_resident,,0,0.0,0.0,0.0,28.074148333333337,35619958.55142889,,,,,,,False,False,False,False,False,False,False
5,1000000,exact,CPU OpenMP 8,openmp,,8,0.0,0.0,0.0,207.661374,4815532.040156876,,,,,,,False,False,True,False,False,False,False
5,1000000,exact,CPU OpenMP 4,openmp,,4,0.0,0.0,0.0,212.0056005,4716856.524740723,,,,,,,False,False,False,False,False,False,False
5,1000000,exact,CPU OpenMP 2,openmp,,2,0.0,0.0,0.0,350.816146,2850495.940400645,,,,,,,False,False,False,False,False,False,False
5,1000000,exact,CPU scalar,scalar,,1,0.0,0.0,0.0,552.742294,1809161.359380254,,,,,,,False,True,False,False,False,False,False
5,1000000,exact,CPU OpenMP 1,openmp,,1,0.0,0.0,0.0,634.270002,1576615.6319024526,,,,,,,False,False,False,False,False,False,False
5,1000000,surrogate,CPWA CUDA B128,cpwa-cuda,128,0,0.00035934251615852214,0.0010121813938903498,0.0018352479098073804,13.6969919,73008731.20907664,2193,500,255,724,724,728,True,False,False,False,False,False,True
5,1000000,surrogate,CPWA AVX2+OMP4 B128,avx2-omp4,128,4,0.00035934251615852214,0.0010121813938903498,0.0018352479098073804,44.728767,22356976.663362976,2193,500,,,,,False,False,False,False,True,False,False
5,1000000,surrogate,CPWA AVX2 B128,avx2,128,0,0.00035934251615852214,0.0010121813938903498,0.0018352479098073804,168.704682,5927517.767408495,2193,500,,,,,False,False,False,True,False,False,False
5,1000000,surrogate,CPWA CUDA B96,cpwa-cuda,96,0,0.000591866530543988,0.0017202803445622822,0.002427864920033551,4.07615995,245328940.048096,1390,319,255,156,156,160,True,False,False,False,False,False,True
5,1000000,surrogate,CPWA AVX2+OMP4 B96,avx2-omp4,96,4,0.000591866530543988,0.0017202803445622822,0.002427864920033551,28.774792,34752640.43611506,1390,319,,,,,False,False,False,False,True,False,False
5,1000000,surrogate,CPWA AVX2 B96,avx2,96,0,0.000591866530543988,0.0017202803445622822,0.002427864920033551,109.519067,9130830.159464378,1390,319,,,,,False,False,False,True,False,False,False
5,1000000,surrogate,CPWA CUDA B64,cpwa-cuda,64,0,0.0008505023632200023,0.0022289569339455743,0.0031782146168994885,2.32672,429789575.02406824,864,173,165,0,0,0,True,False,False,False,False,False,True
5,1000000,surrogate,CPWA AVX2+OMP4 B64,avx2-omp4,64,4,0.0008505023632200023,0.0022289569339455743,0.0031782146168994885,18.154291,55083395.986105986,864,173,,,,,False,False,False,False,True,False,False
5,1000000,surrogate,CPWA AVX2 B64,avx2,64,0,0.0008505023632200023,0.0022289569339455743,0.0031782146168994885,68.069133,14690946.629215918,864,173,,,,,False,False,False,True,False,False,False
5,1000000,surrogate,CPWA CUDA B48,cpwa-cuda,48,0,0.0012100200205791961,0.003385956509791243,0.004627670339193868,1.31516802,760359121.2626961,559,120,126,0,0,0,True,False,False,False,False,False,True
5,1000000,surrogate,CPWA AVX2+OMP4 B48,avx2-omp4,48,4,0.0012100200205791961,0.003385956509791243,0.004627670339193868,14.00859,71384771.77217694,559,120,,,,,False,False,False,False,True,False,False
5,1000000,surrogate,CPWA AVX2 B48,avx2,48,0,0.0012100200205791961,0.003385956509791243,0.004627670339193868,44.239464,22604252.16725049,559,120,,,,,False,False,False,True,False,False,False
5,1000000,surrogate,CPWA CUDA B32,cpwa-cuda,32,0,0.0021009749152809407,0.006262980916710393,0.009118224686061605,0.599936008,1666844441.1824667,264,59,62,0,0,0,True,False,False,False,False,False,True
5,1000000,surrogate,CPWA AVX2+OMP4 B32,avx2-omp4,32,4,0.0021009749152809407,0.006262980916710393,0.009118224686061605,6.40811225,156052197.74357104,264,59,,,,,False,False,False,False,True,False,False
5,1000000,surrogate,CPWA AVX2 B32,avx2,32,0,0.0021009749152809407,0.006262980916710393,0.009118224686061605,20.493209,48796652.58866974,264,59,,,,,False,False,False,True,False,False,False
5,1000000,surrogate,CPWA CUDA B24,cpwa-cuda,24,0,0.0029718217173072673,0.008577599747621302,0.025477907083690132,0.393631995,2540443898.6216044,165,39,40,0,0,0,True,False,False,False,False,False,True
5,1000000,surrogate,CPWA AVX2+OMP4 B24,avx2-omp4,24,4,0.0029718217173072673,0.008577599747621302,0.025477907083690132,3.379868125,295869531.8918693,165,39,,,,,False,False,False,False,True,False,False
5,1000000,surrogate,CPWA AVX2 B24,avx2,24,0,0.0029718217173072673,0.008577599747621302,0.025477907083690132,12.322068333333334,81155206.49198368,165,39,,,,,False,False,False,True,False,False,False
5,1000000,surrogate,CPWA CUDA B16,cpwa-cuda,16,0,0.0077713676770929385,0.03788567286468034,0.06679920348434609,0.206303999,4847215782.763377,82,20,26,0,0,0,True,False,False,False,False,False,True
5,1000000,surrogate,CPWA AVX2+OMP4 B16,avx2-omp4,16,4,0.0077713676770929385,0.03788567286468034,0.06679920348434609,2.49006475,401595982.5944285,82,20,,,,,False,False,False,False,True,False,False
5,1000000,surrogate,CPWA AVX2 B16,avx2,16,0,0.0077713676770929385,0.03788567286468034,0.06679920348434609,6.8410385,146176636.7781734,82,20,,,,,False,False,False,True,False,False,False
